Workbook

Sheet How To Use
B1: GLOBEMED - WALK IN TEMPLATE
B3: Colours: blue header = pasted or typed by you, green header = formula (do not paste over it), grey header = helper, yellow = editable setting.
B5: 1. In 'Per Line', paste the lines of the Globemed sheet from row 2 into the blue columns: A-S, W-X, Z-AG.
B6: Do NOT paste over the green formula columns: T-V, Y (they calculate Discount, Co val, Subtotal and Net from the Total Approved, Rebates % and Copay % you pasted).
B7: Paste the columns in the same order as the source sheet. Rebates % and Copay % come from the sheet, so there are no rates to set.
B8: 2. 'Per Invoice' fills itself: one row per So, in the order the orders first appear in 'Per Line'.
B9: Type the invoice numbers in the blue INV column.
B10: 3. Open 'Settings': STATUS must say OK. If it says CHECK, a total in 'Per Line' differs from 'Per Invoice', or there are more orders than the template has room for.
B12: To start a new month: clear the blue cells in 'Per Line' (row 2 down) and the blue cells in 'Per Invoice', then paste again.

Sheet Settings
B1: GLOBEMED - WALK IN - SETTINGS
B3: Insurance company | C3: Globemed | D3: Rebates % and Copay % are typed on every line of the export, so there are no rates to set here.
B4: Type | C4: Walk In
B5: Month (as in the source sheet) | C5: September 2026
B9: Reconciliation (Per Line vs Per Invoice)
B10: Lines loaded | C10: =COUNTA('Per Line'!$C$2:$C$401)
B11: Invoices (unique So) | C11: =MAX('Per Line'!$AH$2:$AH$401)
B12: Invoices shown in Per Invoice | C12: =COUNT('Per Invoice'!$C$2:$C$151)+COUNTIF('Per Invoice'!$C$2:$C$151,"?*")
B13: Total Approved - Per Line | C13: =SUM('Per Line'!$S$2:$S$401)
B14: Total Approved - Per Invoice | C14: =SUM('Per Invoice'!$G$2:$G$151)
B15: Discount - Per Line | C15: =SUM('Per Line'!$T$2:$T$401)
B16: Discount - Per Invoice | C16: =SUM('Per Invoice'!$H$2:$H$151)
B17: Co val - Per Line | C17: =SUM('Per Line'!$U$2:$U$401)
B18: Co val - Per Invoice | C18: =SUM('Per Invoice'!$I$2:$I$151)
B19: Net - Per Line | C19: =SUM('Per Line'!$Y$2:$Y$401)
B20: Net - Per Invoice | C20: =SUM('Per Invoice'!$K$2:$K$151)
B21: Orders that do not fit in Per Invoice (must be 0) | C21: =MAX(0,C11-150)
B23: STATUS | C23: =IF(C10=0,"No data loaded",IF(AND(C21=0,C12=C11,ABS(C13-C14)<0.01,ABS(C15-C16)<0.01,ABS(C17-C18)<0.01,ABS(C19-C20)<0.01),"OK","CHECK")) | D23: Per Line has room for 400 lines and Per Invoice for 150 invoices.

Sheet Per Line
A1: Lot | B1: SSNBR | C1: So | D1: Individual Number | E1: Provider code | F1: Provider Name | G1: real Provider Code | H1: real Provider Name | I1: DIAG 1(ICD9) | J1: HZB | K1: Item code | L1: Globemed Item Code | M1: Item description | N1: Comment | O1: Alternative | P1: Unit Type Dispensed | Q1: Svc Date | R1: Qty Approved | S1: Total Approved | T1: dis | U1: Paid Amount | V1: Subtotal | W1: Copay% | X1: Rebates | Y1: Net Amt | Z1: Total Approved (Globemed) | AA1: dis (Globemed) | AB1: Paid Amount (Globemed) | AC1: Subtotal (Globemed) | AD1: Copay% (Globemed) | AE1: Rebates (Globemed) | AF1: Net Amt (Globemed) | AG1: Group No. | AH1: Order Seq (helper)
T2: =IF(C2="","",S2*X2/100) | U2: =IF(C2="","",W2*V2/100) | V2: =IF(C2="","",S2-T2) | Y2: =IF(C2="","",V2-U2) | AH2: =IF(C2="","",N(AH1)+IF(MATCH(C2,$C$2:$C$401,0)=ROW()-1,1,0))
T3: =IF(C3="","",S3*X3/100) | U3: =IF(C3="","",W3*V3/100) | V3: =IF(C3="","",S3-T3) | Y3: =IF(C3="","",V3-U3) | AH3: =IF(C3="","",N(AH2)+IF(MATCH(C3,$C$2:$C$401,0)=ROW()-1,1,0))
T4: =IF(C4="","",S4*X4/100) | U4: =IF(C4="","",W4*V4/100) | V4: =IF(C4="","",S4-T4) | Y4: =IF(C4="","",V4-U4) | AH4: =IF(C4="","",N(AH3)+IF(MATCH(C4,$C$2:$C$401,0)=ROW()-1,1,0))
T5: =IF(C5="","",S5*X5/100) | U5: =IF(C5="","",W5*V5/100) | V5: =IF(C5="","",S5-T5) | Y5: =IF(C5="","",V5-U5) | AH5: =IF(C5="","",N(AH4)+IF(MATCH(C5,$C$2:$C$401,0)=ROW()-1,1,0))
T6: =IF(C6="","",S6*X6/100) | U6: =IF(C6="","",W6*V6/100) | V6: =IF(C6="","",S6-T6) | Y6: =IF(C6="","",V6-U6) | AH6: =IF(C6="","",N(AH5)+IF(MATCH(C6,$C$2:$C$401,0)=ROW()-1,1,0))
T7: =IF(C7="","",S7*X7/100) | U7: =IF(C7="","",W7*V7/100) | V7: =IF(C7="","",S7-T7) | Y7: =IF(C7="","",V7-U7) | AH7: =IF(C7="","",N(AH6)+IF(MATCH(C7,$C$2:$C$401,0)=ROW()-1,1,0))
T8: =IF(C8="","",S8*X8/100) | U8: =IF(C8="","",W8*V8/100) | V8: =IF(C8="","",S8-T8) | Y8: =IF(C8="","",V8-U8) | AH8: =IF(C8="","",N(AH7)+IF(MATCH(C8,$C$2:$C$401,0)=ROW()-1,1,0))
T9: =IF(C9="","",S9*X9/100) | U9: =IF(C9="","",W9*V9/100) | V9: =IF(C9="","",S9-T9) | Y9: =IF(C9="","",V9-U9) | AH9: =IF(C9="","",N(AH8)+IF(MATCH(C9,$C$2:$C$401,0)=ROW()-1,1,0))
T10: =IF(C10="","",S10*X10/100) | U10: =IF(C10="","",W10*V10/100) | V10: =IF(C10="","",S10-T10) | Y10: =IF(C10="","",V10-U10) | AH10: =IF(C10="","",N(AH9)+IF(MATCH(C10,$C$2:$C$401,0)=ROW()-1,1,0))
T11: =IF(C11="","",S11*X11/100) | U11: =IF(C11="","",W11*V11/100) | V11: =IF(C11="","",S11-T11) | Y11: =IF(C11="","",V11-U11) | AH11: =IF(C11="","",N(AH10)+IF(MATCH(C11,$C$2:$C$401,0)=ROW()-1,1,0))
T12: =IF(C12="","",S12*X12/100) | U12: =IF(C12="","",W12*V12/100) | V12: =IF(C12="","",S12-T12) | Y12: =IF(C12="","",V12-U12) | AH12: =IF(C12="","",N(AH11)+IF(MATCH(C12,$C$2:$C$401,0)=ROW()-1,1,0))
T13: =IF(C13="","",S13*X13/100) | U13: =IF(C13="","",W13*V13/100) | V13: =IF(C13="","",S13-T13) | Y13: =IF(C13="","",V13-U13) | AH13: =IF(C13="","",N(AH12)+IF(MATCH(C13,$C$2:$C$401,0)=ROW()-1,1,0))
... T401: =IF(C401="","",S401*X401/100) | U401: =IF(C401="","",W401*V401/100) | V401: =IF(C401="","",S401-T401) | Y401: =IF(C401="","",V401-U401) | AH401: =IF(C401="","",N(AH400)+IF(MATCH(C401,$C$2:$C$401,0)=ROW()-1,1,0))

Sheet Per Invoice
A1: INV | B1: SSNBR | C1: So | D1: Lot | E1: Individual Number | F1: Svc Date | G1: Sum of Total Approved | H1: Sum of dis | I1: Sum of Paid Amount | J1: Sum of Subtotal | K1: Sum of Net Amt | L1: Src Row (helper)
B2: =IF($L2="","",INDEX('Per Line'!$B$2:$B$401,$L2)) | C2: =IF($L2="","",INDEX('Per Line'!$C$2:$C$401,$L2)) | D2: =IF($L2="","",INDEX('Per Line'!$A$2:$A$401,$L2)) | E2: =IF($L2="","",INDEX('Per Line'!$D$2:$D$401,$L2)) | F2: =IF($L2="","",INDEX('Per Line'!$Q$2:$Q$401,$L2)) | G2: =IF($L2="","",SUMIFS('Per Line'!$S$2:$S$401,'Per Line'!$C$2:$C$401,$C2)) | H2: =IF($L2="","",SUMIFS('Per Line'!$T$2:$T$401,'Per Line'!$C$2:$C$401,$C2)) | I2: =IF($L2="","",SUMIFS('Per Line'!$U$2:$U$401,'Per Line'!$C$2:$C$401,$C2)) | J2: =IF($L2="","",G2-H2) | K2: =IF($L2="","",J2-I2) | L2: =IF(ROWS($L$2:$L2)<=MAX('Per Line'!$AH$2:$AH$401),MATCH(ROWS($L$2:$L2),'Per Line'!$AH$2:$AH$401,0),"")
B3: =IF($L3="","",INDEX('Per Line'!$B$2:$B$401,$L3)) | C3: =IF($L3="","",INDEX('Per Line'!$C$2:$C$401,$L3)) | D3: =IF($L3="","",INDEX('Per Line'!$A$2:$A$401,$L3)) | E3: =IF($L3="","",INDEX('Per Line'!$D$2:$D$401,$L3)) | F3: =IF($L3="","",INDEX('Per Line'!$Q$2:$Q$401,$L3)) | G3: =IF($L3="","",SUMIFS('Per Line'!$S$2:$S$401,'Per Line'!$C$2:$C$401,$C3)) | H3: =IF($L3="","",SUMIFS('Per Line'!$T$2:$T$401,'Per Line'!$C$2:$C$401,$C3)) | I3: =IF($L3="","",SUMIFS('Per Line'!$U$2:$U$401,'Per Line'!$C$2:$C$401,$C3)) | J3: =IF($L3="","",G3-H3) | K3: =IF($L3="","",J3-I3) | L3: =IF(ROWS($L$2:$L3)<=MAX('Per Line'!$AH$2:$AH$401),MATCH(ROWS($L$2:$L3),'Per Line'!$AH$2:$AH$401,0),"")
B4: =IF($L4="","",INDEX('Per Line'!$B$2:$B$401,$L4)) | C4: =IF($L4="","",INDEX('Per Line'!$C$2:$C$401,$L4)) | D4: =IF($L4="","",INDEX('Per Line'!$A$2:$A$401,$L4)) | E4: =IF($L4="","",INDEX('Per Line'!$D$2:$D$401,$L4)) | F4: =IF($L4="","",INDEX('Per Line'!$Q$2:$Q$401,$L4)) | G4: =IF($L4="","",SUMIFS('Per Line'!$S$2:$S$401,'Per Line'!$C$2:$C$401,$C4)) | H4: =IF($L4="","",SUMIFS('Per Line'!$T$2:$T$401,'Per Line'!$C$2:$C$401,$C4)) | I4: =IF($L4="","",SUMIFS('Per Line'!$U$2:$U$401,'Per Line'!$C$2:$C$401,$C4)) | J4: =IF($L4="","",G4-H4) | K4: =IF($L4="","",J4-I4) | L4: =IF(ROWS($L$2:$L4)<=MAX('Per Line'!$AH$2:$AH$401),MATCH(ROWS($L$2:$L4),'Per Line'!$AH$2:$AH$401,0),"")
B5: =IF($L5="","",INDEX('Per Line'!$B$2:$B$401,$L5)) | C5: =IF($L5="","",INDEX('Per Line'!$C$2:$C$401,$L5)) | D5: =IF($L5="","",INDEX('Per Line'!$A$2:$A$401,$L5)) | E5: =IF($L5="","",INDEX('Per Line'!$D$2:$D$401,$L5)) | F5: =IF($L5="","",INDEX('Per Line'!$Q$2:$Q$401,$L5)) | G5: =IF($L5="","",SUMIFS('Per Line'!$S$2:$S$401,'Per Line'!$C$2:$C$401,$C5)) | H5: =IF($L5="","",SUMIFS('Per Line'!$T$2:$T$401,'Per Line'!$C$2:$C$401,$C5)) | I5: =IF($L5="","",SUMIFS('Per Line'!$U$2:$U$401,'Per Line'!$C$2:$C$401,$C5)) | J5: =IF($L5="","",G5-H5) | K5: =IF($L5="","",J5-I5) | L5: =IF(ROWS($L$2:$L5)<=MAX('Per Line'!$AH$2:$AH$401),MATCH(ROWS($L$2:$L5),'Per Line'!$AH$2:$AH$401,0),"")
B6: =IF($L6="","",INDEX('Per Line'!$B$2:$B$401,$L6)) | C6: =IF($L6="","",INDEX('Per Line'!$C$2:$C$401,$L6)) | D6: =IF($L6="","",INDEX('Per Line'!$A$2:$A$401,$L6)) | E6: =IF($L6="","",INDEX('Per Line'!$D$2:$D$401,$L6)) | F6: =IF($L6="","",INDEX('Per Line'!$Q$2:$Q$401,$L6)) | G6: =IF($L6="","",SUMIFS('Per Line'!$S$2:$S$401,'Per Line'!$C$2:$C$401,$C6)) | H6: =IF($L6="","",SUMIFS('Per Line'!$T$2:$T$401,'Per Line'!$C$2:$C$401,$C6)) | I6: =IF($L6="","",SUMIFS('Per Line'!$U$2:$U$401,'Per Line'!$C$2:$C$401,$C6)) | J6: =IF($L6="","",G6-H6) | K6: =IF($L6="","",J6-I6) | L6: =IF(ROWS($L$2:$L6)<=MAX('Per Line'!$AH$2:$AH$401),MATCH(ROWS($L$2:$L6),'Per Line'!$AH$2:$AH$401,0),"")
B7: =IF($L7="","",INDEX('Per Line'!$B$2:$B$401,$L7)) | C7: =IF($L7="","",INDEX('Per Line'!$C$2:$C$401,$L7)) | D7: =IF($L7="","",INDEX('Per Line'!$A$2:$A$401,$L7)) | E7: =IF($L7="","",INDEX('Per Line'!$D$2:$D$401,$L7)) | F7: =IF($L7="","",INDEX('Per Line'!$Q$2:$Q$401,$L7)) | G7: =IF($L7="","",SUMIFS('Per Line'!$S$2:$S$401,'Per Line'!$C$2:$C$401,$C7)) | H7: =IF($L7="","",SUMIFS('Per Line'!$T$2:$T$401,'Per Line'!$C$2:$C$401,$C7)) | I7: =IF($L7="","",SUMIFS('Per Line'!$U$2:$U$401,'Per Line'!$C$2:$C$401,$C7)) | J7: =IF($L7="","",G7-H7) | K7: =IF($L7="","",J7-I7) | L7: =IF(ROWS($L$2:$L7)<=MAX('Per Line'!$AH$2:$AH$401),MATCH(ROWS($L$2:$L7),'Per Line'!$AH$2:$AH$401,0),"")
B8: =IF($L8="","",INDEX('Per Line'!$B$2:$B$401,$L8)) | C8: =IF($L8="","",INDEX('Per Line'!$C$2:$C$401,$L8)) | D8: =IF($L8="","",INDEX('Per Line'!$A$2:$A$401,$L8)) | E8: =IF($L8="","",INDEX('Per Line'!$D$2:$D$401,$L8)) | F8: =IF($L8="","",INDEX('Per Line'!$Q$2:$Q$401,$L8)) | G8: =IF($L8="","",SUMIFS('Per Line'!$S$2:$S$401,'Per Line'!$C$2:$C$401,$C8)) | H8: =IF($L8="","",SUMIFS('Per Line'!$T$2:$T$401,'Per Line'!$C$2:$C$401,$C8)) | I8: =IF($L8="","",SUMIFS('Per Line'!$U$2:$U$401,'Per Line'!$C$2:$C$401,$C8)) | J8: =IF($L8="","",G8-H8) | K8: =IF($L8="","",J8-I8) | L8: =IF(ROWS($L$2:$L8)<=MAX('Per Line'!$AH$2:$AH$401),MATCH(ROWS($L$2:$L8),'Per Line'!$AH$2:$AH$401,0),"")
B9: =IF($L9="","",INDEX('Per Line'!$B$2:$B$401,$L9)) | C9: =IF($L9="","",INDEX('Per Line'!$C$2:$C$401,$L9)) | D9: =IF($L9="","",INDEX('Per Line'!$A$2:$A$401,$L9)) | E9: =IF($L9="","",INDEX('Per Line'!$D$2:$D$401,$L9)) | F9: =IF($L9="","",INDEX('Per Line'!$Q$2:$Q$401,$L9)) | G9: =IF($L9="","",SUMIFS('Per Line'!$S$2:$S$401,'Per Line'!$C$2:$C$401,$C9)) | H9: =IF($L9="","",SUMIFS('Per Line'!$T$2:$T$401,'Per Line'!$C$2:$C$401,$C9)) | I9: =IF($L9="","",SUMIFS('Per Line'!$U$2:$U$401,'Per Line'!$C$2:$C$401,$C9)) | J9: =IF($L9="","",G9-H9) | K9: =IF($L9="","",J9-I9) | L9: =IF(ROWS($L$2:$L9)<=MAX('Per Line'!$AH$2:$AH$401),MATCH(ROWS($L$2:$L9),'Per Line'!$AH$2:$AH$401,0),"")
B10: =IF($L10="","",INDEX('Per Line'!$B$2:$B$401,$L10)) | C10: =IF($L10="","",INDEX('Per Line'!$C$2:$C$401,$L10)) | D10: =IF($L10="","",INDEX('Per Line'!$A$2:$A$401,$L10)) | E10: =IF($L10="","",INDEX('Per Line'!$D$2:$D$401,$L10)) | F10: =IF($L10="","",INDEX('Per Line'!$Q$2:$Q$401,$L10)) | G10: =IF($L10="","",SUMIFS('Per Line'!$S$2:$S$401,'Per Line'!$C$2:$C$401,$C10)) | H10: =IF($L10="","",SUMIFS('Per Line'!$T$2:$T$401,'Per Line'!$C$2:$C$401,$C10)) | I10: =IF($L10="","",SUMIFS('Per Line'!$U$2:$U$401,'Per Line'!$C$2:$C$401,$C10)) | J10: =IF($L10="","",G10-H10) | K10: =IF($L10="","",J10-I10) | L10: =IF(ROWS($L$2:$L10)<=MAX('Per Line'!$AH$2:$AH$401),MATCH(ROWS($L$2:$L10),'Per Line'!$AH$2:$AH$401,0),"")
B11: =IF($L11="","",INDEX('Per Line'!$B$2:$B$401,$L11)) | C11: =IF($L11="","",INDEX('Per Line'!$C$2:$C$401,$L11)) | D11: =IF($L11="","",INDEX('Per Line'!$A$2:$A$401,$L11)) | E11: =IF($L11="","",INDEX('Per Line'!$D$2:$D$401,$L11)) | F11: =IF($L11="","",INDEX('Per Line'!$Q$2:$Q$401,$L11)) | G11: =IF($L11="","",SUMIFS('Per Line'!$S$2:$S$401,'Per Line'!$C$2:$C$401,$C11)) | H11: =IF($L11="","",SUMIFS('Per Line'!$T$2:$T$401,'Per Line'!$C$2:$C$401,$C11)) | I11: =IF($L11="","",SUMIFS('Per Line'!$U$2:$U$401,'Per Line'!$C$2:$C$401,$C11)) | J11: =IF($L11="","",G11-H11) | K11: =IF($L11="","",J11-I11) | L11: =IF(ROWS($L$2:$L11)<=MAX('Per Line'!$AH$2:$AH$401),MATCH(ROWS($L$2:$L11),'Per Line'!$AH$2:$AH$401,0),"")
B12: =IF($L12="","",INDEX('Per Line'!$B$2:$B$401,$L12)) | C12: =IF($L12="","",INDEX('Per Line'!$C$2:$C$401,$L12)) | D12: =IF($L12="","",INDEX('Per Line'!$A$2:$A$401,$L12)) | E12: =IF($L12="","",INDEX('Per Line'!$D$2:$D$401,$L12)) | F12: =IF($L12="","",INDEX('Per Line'!$Q$2:$Q$401,$L12)) | G12: =IF($L12="","",SUMIFS('Per Line'!$S$2:$S$401,'Per Line'!$C$2:$C$401,$C12)) | H12: =IF($L12="","",SUMIFS('Per Line'!$T$2:$T$401,'Per Line'!$C$2:$C$401,$C12)) | I12: =IF($L12="","",SUMIFS('Per Line'!$U$2:$U$401,'Per Line'!$C$2:$C$401,$C12)) | J12: =IF($L12="","",G12-H12) | K12: =IF($L12="","",J12-I12) | L12: =IF(ROWS($L$2:$L12)<=MAX('Per Line'!$AH$2:$AH$401),MATCH(ROWS($L$2:$L12),'Per Line'!$AH$2:$AH$401,0),"")
B13: =IF($L13="","",INDEX('Per Line'!$B$2:$B$401,$L13)) | C13: =IF($L13="","",INDEX('Per Line'!$C$2:$C$401,$L13)) | D13: =IF($L13="","",INDEX('Per Line'!$A$2:$A$401,$L13)) | E13: =IF($L13="","",INDEX('Per Line'!$D$2:$D$401,$L13)) | F13: =IF($L13="","",INDEX('Per Line'!$Q$2:$Q$401,$L13)) | G13: =IF($L13="","",SUMIFS('Per Line'!$S$2:$S$401,'Per Line'!$C$2:$C$401,$C13)) | H13: =IF($L13="","",SUMIFS('Per Line'!$T$2:$T$401,'Per Line'!$C$2:$C$401,$C13)) | I13: =IF($L13="","",SUMIFS('Per Line'!$U$2:$U$401,'Per Line'!$C$2:$C$401,$C13)) | J13: =IF($L13="","",G13-H13) | K13: =IF($L13="","",J13-I13) | L13: =IF(ROWS($L$2:$L13)<=MAX('Per Line'!$AH$2:$AH$401),MATCH(ROWS($L$2:$L13),'Per Line'!$AH$2:$AH$401,0),"")
... B151: =IF($L151="","",INDEX('Per Line'!$B$2:$B$401,$L151)) | C151: =IF($L151="","",INDEX('Per Line'!$C$2:$C$401,$L151)) | D151: =IF($L151="","",INDEX('Per Line'!$A$2:$A$401,$L151)) | E151: =IF($L151="","",INDEX('Per Line'!$D$2:$D$401,$L151)) | F151: =IF($L151="","",INDEX('Per Line'!$Q$2:$Q$401,$L151)) | G151: =IF($L151="","",SUMIFS('Per Line'!$S$2:$S$401,'Per Line'!$C$2:$C$401,$C151)) | H151: =IF($L151="","",SUMIFS('Per Line'!$T$2:$T$401,'Per Line'!$C$2:$C$401,$C151)) | I151: =IF($L151="","",SUMIFS('Per Line'!$U$2:$U$401,'Per Line'!$C$2:$C$401,$C151)) | J151: =IF($L151="","",G151-H151) | K151: =IF($L151="","",J151-I151) | L151: =IF(ROWS($L$2:$L151)<=MAX('Per Line'!$AH$2:$AH$401),MATCH(ROWS($L$2:$L151),'Per Line'!$AH$2:$AH$401,0),"")
