Workbook

Sheet How To Use
A1: Claims Template - MEDRIGHT TPA (Walk In)
A3: Monthly steps
A4: 1. Open the 'Per Line' tab. Delete the old data in the BLUE columns only (row 2 down). Never delete the green or grey columns.
A5: 2. Paste the new month's data as VALUES starting at A2, into the blue columns: B-F, H-R (same order as the system export).
A6: 3. Green columns (A, G, S, T, U, V) and the grey helper columns (W-Z) calculate automatically - do not paste over them.
A7: 4. 'Per Invoice' fills itself from 'Per Line' (one row per Order #, split into IMP / Local). No pivot table, no refresh.
A8: 5. The columns you type yourself in 'Per Invoice' (blue headers): A 'Invoice', C 'APP'. Everything else is formula. Type them AFTER pasting the month data (they follow the row, not the order).
A9: 6. Open 'Settings' and check STATUS says OK (Per Line totals = Per Invoice totals).
A11: Colour legend
A12: Blue header = typed/pasted by you (raw data, and 'Invoice' in Per Invoice). Green header = formula (do not paste over). Grey header = helper formula (do not touch). Yellow cell (Settings) = editable rate.
A14: Calculation rules (taken from the July 2026 sheet)
A15: Co val = Co Payment % x Total / 100. Discount = Total x Rebates (Rebates is a fraction here, e.g. 0.14). Subtotal = Total - Discount. Net = Subtotal - Co val. (Total = 'Total Delivered')
... A20: Capacity: up to 500 lines and 200 invoices per month. A line with an empty Order # is ignored.

Sheet Settings
B1: Company settings & checks
B3: Insurance Company | C3: MEDRIGHT TPA | D3: Informational only
B4: Corporate | C4: - | D4: Informational only
B5: Sheet type | C5: Walk In | D5: Informational only
B6: Local products rebate % | C6: 0.13 | D6: Source: Jul sheet (Rebates = 0.13 on Local lines).
B7: Imported (IMP) products rebate % | C7: 0.05 | D7: Source: Jul sheet (IMP% = 0.05 on Per Invoice).
B9: Month totals / reconciliation
B10: Lines loaded | C10: =COUNTA('Per Line'!$B$2:$B$501)
B11: Invoices (unique Order #) | C11: =MAX('Per Line'!$X$2:$X$501)
B12: Invoices shown in Per Invoice | C12: =SUMPRODUCT(--('Per Invoice'!$B$2:$B$201<>""))
B13: Grand Total - Per Line (Product Total) | C13: =SUM('Per Line'!$L$2:$L$501)
B14: Grand Total - Per Invoice | C14: =SUM('Per Invoice'!$T$2:$T$201)
B15: Discount - Per Line | C15: =SUM('Per Line'!$T$2:$T$501)
B16: Discount - Per Invoice | C16: =SUM('Per Invoice'!$R$2:$R$201)
B17: Co val - Per Line | C17: =SUM('Per Line'!$G$2:$G$501)
B18: Co val - Per Invoice | C18: =SUM('Per Invoice'!$H$2:$H$201)
B19: Net - Per Line | C19: =SUM('Per Line'!$V$2:$V$501)
B20: Net - Per Invoice | C20: =SUM('Per Invoice'!$U$2:$U$201)
B21: Max Limit adjustment (Co val, Per Invoice only) | C21: 0 | D21: This company's Per Invoice has no Max Limit rule.
B23: STATUS | C23: =IF(C10=0,"No data loaded",IF(COUNTA('Per Line'!$B:$B)-1>500,"TOO MANY LINES - extend template",IF(C11>200,"TOO MANY INVOICES - extend template",IF(AND(ROUND(C13-C14,2)=0,ROUND(C15-C16,2)=0,ROUND(C17+C21-C18,2)=0,ROUND(C19-C21-C20,2)=0,C11=C12),"OK","CHECK - Per Line and Per Invoice do not match")))) | D23: Must say OK after you paste the month data.

Sheet Per Line
A1: INV | B1: Pos Reference | C1: Insurance Company | D1: Name | E1: Card Number | F1: Co Payment % | G1: Co val | H1: Heisenberg id | I1: Product | J1: Original Quantity | K1: Delivered Qty | L1: Total Delivered | M1: Payment Amount | N1: Payment Type | O1: Session | P1: Create Date | Q1: Order Reference | R1: Product Template - Product Tmpl → Is Local | S1: Rebates | T1: Discount | U1: Subtotal | V1: Net | W1: Order 1st Row (helper) | X1: Invoice # (helper) | Y1: Is Local (helper) | Z1: Sort Key (helper)
A2: =IF($B2="","",IFERROR(IF(INDEX('Per Invoice'!$A$2:$A$201,MATCH($B2,'Per Invoice'!$B$2:$B$201,0))=0,"",INDEX('Per Invoice'!$A$2:$A$201,MATCH($B2,'Per Invoice'!$B$2:$B$201,0))),"")) | G2: =IF($B2="","",F2*L2/100) | S2: =IF($B2="","",IF($Y2=1,Settings!$C$6,Settings!$C$7)*1) | T2: =IF($B2="","",S2*L2) | U2: =IF($B2="","",L2-T2) | V2: =IF($B2="","",U2-G2) | W2: =IF($B2="","",IF(COUNTIF($B$2:$B2,$B2)=1,1,0)) | X2: =IF($W2=1,SUMPRODUCT(--($Z$2:$Z$501<$Z2))+1,"") | Y2: =IF($B2="","",IF(OR($R2=TRUE(),$R2="TRUE"),1,0)) | Z2: =IF($W2=1,IFERROR(IF(VALUE($B2)<100000000,VALUE($B2),1000000000),IFERROR(IF(VALUE(MID($B2,2,20))<100000000,VALUE(MID($B2,2,20)),1000000000),1000000000))+ROW()/100000,"")
A3: =IF($B3="","",IFERROR(IF(INDEX('Per Invoice'!$A$2:$A$201,MATCH($B3,'Per Invoice'!$B$2:$B$201,0))=0,"",INDEX('Per Invoice'!$A$2:$A$201,MATCH($B3,'Per Invoice'!$B$2:$B$201,0))),"")) | G3: =IF($B3="","",F3*L3/100) | S3: =IF($B3="","",IF($Y3=1,Settings!$C$6,Settings!$C$7)*1) | T3: =IF($B3="","",S3*L3) | U3: =IF($B3="","",L3-T3) | V3: =IF($B3="","",U3-G3) | W3: =IF($B3="","",IF(COUNTIF($B$2:$B3,$B3)=1,1,0)) | X3: =IF($W3=1,SUMPRODUCT(--($Z$2:$Z$501<$Z3))+1,"") | Y3: =IF($B3="","",IF(OR($R3=TRUE(),$R3="TRUE"),1,0)) | Z3: =IF($W3=1,IFERROR(IF(VALUE($B3)<100000000,VALUE($B3),1000000000),IFERROR(IF(VALUE(MID($B3,2,20))<100000000,VALUE(MID($B3,2,20)),1000000000),1000000000))+ROW()/100000,"")
A4: =IF($B4="","",IFERROR(IF(INDEX('Per Invoice'!$A$2:$A$201,MATCH($B4,'Per Invoice'!$B$2:$B$201,0))=0,"",INDEX('Per Invoice'!$A$2:$A$201,MATCH($B4,'Per Invoice'!$B$2:$B$201,0))),"")) | G4: =IF($B4="","",F4*L4/100) | S4: =IF($B4="","",IF($Y4=1,Settings!$C$6,Settings!$C$7)*1) | T4: =IF($B4="","",S4*L4) | U4: =IF($B4="","",L4-T4) | V4: =IF($B4="","",U4-G4) | W4: =IF($B4="","",IF(COUNTIF($B$2:$B4,$B4)=1,1,0)) | X4: =IF($W4=1,SUMPRODUCT(--($Z$2:$Z$501<$Z4))+1,"") | Y4: =IF($B4="","",IF(OR($R4=TRUE(),$R4="TRUE"),1,0)) | Z4: =IF($W4=1,IFERROR(IF(VALUE($B4)<100000000,VALUE($B4),1000000000),IFERROR(IF(VALUE(MID($B4,2,20))<100000000,VALUE(MID($B4,2,20)),1000000000),1000000000))+ROW()/100000,"")
A5: =IF($B5="","",IFERROR(IF(INDEX('Per Invoice'!$A$2:$A$201,MATCH($B5,'Per Invoice'!$B$2:$B$201,0))=0,"",INDEX('Per Invoice'!$A$2:$A$201,MATCH($B5,'Per Invoice'!$B$2:$B$201,0))),"")) | G5: =IF($B5="","",F5*L5/100) | S5: =IF($B5="","",IF($Y5=1,Settings!$C$6,Settings!$C$7)*1) | T5: =IF($B5="","",S5*L5) | U5: =IF($B5="","",L5-T5) | V5: =IF($B5="","",U5-G5) | W5: =IF($B5="","",IF(COUNTIF($B$2:$B5,$B5)=1,1,0)) | X5: =IF($W5=1,SUMPRODUCT(--($Z$2:$Z$501<$Z5))+1,"") | Y5: =IF($B5="","",IF(OR($R5=TRUE(),$R5="TRUE"),1,0)) | Z5: =IF($W5=1,IFERROR(IF(VALUE($B5)<100000000,VALUE($B5),1000000000),IFERROR(IF(VALUE(MID($B5,2,20))<100000000,VALUE(MID($B5,2,20)),1000000000),1000000000))+ROW()/100000,"")
A6: =IF($B6="","",IFERROR(IF(INDEX('Per Invoice'!$A$2:$A$201,MATCH($B6,'Per Invoice'!$B$2:$B$201,0))=0,"",INDEX('Per Invoice'!$A$2:$A$201,MATCH($B6,'Per Invoice'!$B$2:$B$201,0))),"")) | G6: =IF($B6="","",F6*L6/100) | S6: =IF($B6="","",IF($Y6=1,Settings!$C$6,Settings!$C$7)*1) | T6: =IF($B6="","",S6*L6) | U6: =IF($B6="","",L6-T6) | V6: =IF($B6="","",U6-G6) | W6: =IF($B6="","",IF(COUNTIF($B$2:$B6,$B6)=1,1,0)) | X6: =IF($W6=1,SUMPRODUCT(--($Z$2:$Z$501<$Z6))+1,"") | Y6: =IF($B6="","",IF(OR($R6=TRUE(),$R6="TRUE"),1,0)) | Z6: =IF($W6=1,IFERROR(IF(VALUE($B6)<100000000,VALUE($B6),1000000000),IFERROR(IF(VALUE(MID($B6,2,20))<100000000,VALUE(MID($B6,2,20)),1000000000),1000000000))+ROW()/100000,"")
A7: =IF($B7="","",IFERROR(IF(INDEX('Per Invoice'!$A$2:$A$201,MATCH($B7,'Per Invoice'!$B$2:$B$201,0))=0,"",INDEX('Per Invoice'!$A$2:$A$201,MATCH($B7,'Per Invoice'!$B$2:$B$201,0))),"")) | G7: =IF($B7="","",F7*L7/100) | S7: =IF($B7="","",IF($Y7=1,Settings!$C$6,Settings!$C$7)*1) | T7: =IF($B7="","",S7*L7) | U7: =IF($B7="","",L7-T7) | V7: =IF($B7="","",U7-G7) | W7: =IF($B7="","",IF(COUNTIF($B$2:$B7,$B7)=1,1,0)) | X7: =IF($W7=1,SUMPRODUCT(--($Z$2:$Z$501<$Z7))+1,"") | Y7: =IF($B7="","",IF(OR($R7=TRUE(),$R7="TRUE"),1,0)) | Z7: =IF($W7=1,IFERROR(IF(VALUE($B7)<100000000,VALUE($B7),1000000000),IFERROR(IF(VALUE(MID($B7,2,20))<100000000,VALUE(MID($B7,2,20)),1000000000),1000000000))+ROW()/100000,"")
A8: =IF($B8="","",IFERROR(IF(INDEX('Per Invoice'!$A$2:$A$201,MATCH($B8,'Per Invoice'!$B$2:$B$201,0))=0,"",INDEX('Per Invoice'!$A$2:$A$201,MATCH($B8,'Per Invoice'!$B$2:$B$201,0))),"")) | G8: =IF($B8="","",F8*L8/100) | S8: =IF($B8="","",IF($Y8=1,Settings!$C$6,Settings!$C$7)*1) | T8: =IF($B8="","",S8*L8) | U8: =IF($B8="","",L8-T8) | V8: =IF($B8="","",U8-G8) | W8: =IF($B8="","",IF(COUNTIF($B$2:$B8,$B8)=1,1,0)) | X8: =IF($W8=1,SUMPRODUCT(--($Z$2:$Z$501<$Z8))+1,"") | Y8: =IF($B8="","",IF(OR($R8=TRUE(),$R8="TRUE"),1,0)) | Z8: =IF($W8=1,IFERROR(IF(VALUE($B8)<100000000,VALUE($B8),1000000000),IFERROR(IF(VALUE(MID($B8,2,20))<100000000,VALUE(MID($B8,2,20)),1000000000),1000000000))+ROW()/100000,"")
A9: =IF($B9="","",IFERROR(IF(INDEX('Per Invoice'!$A$2:$A$201,MATCH($B9,'Per Invoice'!$B$2:$B$201,0))=0,"",INDEX('Per Invoice'!$A$2:$A$201,MATCH($B9,'Per Invoice'!$B$2:$B$201,0))),"")) | G9: =IF($B9="","",F9*L9/100) | S9: =IF($B9="","",IF($Y9=1,Settings!$C$6,Settings!$C$7)*1) | T9: =IF($B9="","",S9*L9) | U9: =IF($B9="","",L9-T9) | V9: =IF($B9="","",U9-G9) | W9: =IF($B9="","",IF(COUNTIF($B$2:$B9,$B9)=1,1,0)) | X9: =IF($W9=1,SUMPRODUCT(--($Z$2:$Z$501<$Z9))+1,"") | Y9: =IF($B9="","",IF(OR($R9=TRUE(),$R9="TRUE"),1,0)) | Z9: =IF($W9=1,IFERROR(IF(VALUE($B9)<100000000,VALUE($B9),1000000000),IFERROR(IF(VALUE(MID($B9,2,20))<100000000,VALUE(MID($B9,2,20)),1000000000),1000000000))+ROW()/100000,"")
A10: =IF($B10="","",IFERROR(IF(INDEX('Per Invoice'!$A$2:$A$201,MATCH($B10,'Per Invoice'!$B$2:$B$201,0))=0,"",INDEX('Per Invoice'!$A$2:$A$201,MATCH($B10,'Per Invoice'!$B$2:$B$201,0))),"")) | G10: =IF($B10="","",F10*L10/100) | S10: =IF($B10="","",IF($Y10=1,Settings!$C$6,Settings!$C$7)*1) | T10: =IF($B10="","",S10*L10) | U10: =IF($B10="","",L10-T10) | V10: =IF($B10="","",U10-G10) | W10: =IF($B10="","",IF(COUNTIF($B$2:$B10,$B10)=1,1,0)) | X10: =IF($W10=1,SUMPRODUCT(--($Z$2:$Z$501<$Z10))+1,"") | Y10: =IF($B10="","",IF(OR($R10=TRUE(),$R10="TRUE"),1,0)) | Z10: =IF($W10=1,IFERROR(IF(VALUE($B10)<100000000,VALUE($B10),1000000000),IFERROR(IF(VALUE(MID($B10,2,20))<100000000,VALUE(MID($B10,2,20)),1000000000),1000000000))+ROW()/100000,"")
A11: =IF($B11="","",IFERROR(IF(INDEX('Per Invoice'!$A$2:$A$201,MATCH($B11,'Per Invoice'!$B$2:$B$201,0))=0,"",INDEX('Per Invoice'!$A$2:$A$201,MATCH($B11,'Per Invoice'!$B$2:$B$201,0))),"")) | G11: =IF($B11="","",F11*L11/100) | S11: =IF($B11="","",IF($Y11=1,Settings!$C$6,Settings!$C$7)*1) | T11: =IF($B11="","",S11*L11) | U11: =IF($B11="","",L11-T11) | V11: =IF($B11="","",U11-G11) | W11: =IF($B11="","",IF(COUNTIF($B$2:$B11,$B11)=1,1,0)) | X11: =IF($W11=1,SUMPRODUCT(--($Z$2:$Z$501<$Z11))+1,"") | Y11: =IF($B11="","",IF(OR($R11=TRUE(),$R11="TRUE"),1,0)) | Z11: =IF($W11=1,IFERROR(IF(VALUE($B11)<100000000,VALUE($B11),1000000000),IFERROR(IF(VALUE(MID($B11,2,20))<100000000,VALUE(MID($B11,2,20)),1000000000),1000000000))+ROW()/100000,"")
A12: =IF($B12="","",IFERROR(IF(INDEX('Per Invoice'!$A$2:$A$201,MATCH($B12,'Per Invoice'!$B$2:$B$201,0))=0,"",INDEX('Per Invoice'!$A$2:$A$201,MATCH($B12,'Per Invoice'!$B$2:$B$201,0))),"")) | G12: =IF($B12="","",F12*L12/100) | S12: =IF($B12="","",IF($Y12=1,Settings!$C$6,Settings!$C$7)*1) | T12: =IF($B12="","",S12*L12) | U12: =IF($B12="","",L12-T12) | V12: =IF($B12="","",U12-G12) | W12: =IF($B12="","",IF(COUNTIF($B$2:$B12,$B12)=1,1,0)) | X12: =IF($W12=1,SUMPRODUCT(--($Z$2:$Z$501<$Z12))+1,"") | Y12: =IF($B12="","",IF(OR($R12=TRUE(),$R12="TRUE"),1,0)) | Z12: =IF($W12=1,IFERROR(IF(VALUE($B12)<100000000,VALUE($B12),1000000000),IFERROR(IF(VALUE(MID($B12,2,20))<100000000,VALUE(MID($B12,2,20)),1000000000),1000000000))+ROW()/100000,"")
A13: =IF($B13="","",IFERROR(IF(INDEX('Per Invoice'!$A$2:$A$201,MATCH($B13,'Per Invoice'!$B$2:$B$201,0))=0,"",INDEX('Per Invoice'!$A$2:$A$201,MATCH($B13,'Per Invoice'!$B$2:$B$201,0))),"")) | G13: =IF($B13="","",F13*L13/100) | S13: =IF($B13="","",IF($Y13=1,Settings!$C$6,Settings!$C$7)*1) | T13: =IF($B13="","",S13*L13) | U13: =IF($B13="","",L13-T13) | V13: =IF($B13="","",U13-G13) | W13: =IF($B13="","",IF(COUNTIF($B$2:$B13,$B13)=1,1,0)) | X13: =IF($W13=1,SUMPRODUCT(--($Z$2:$Z$501<$Z13))+1,"") | Y13: =IF($B13="","",IF(OR($R13=TRUE(),$R13="TRUE"),1,0)) | Z13: =IF($W13=1,IFERROR(IF(VALUE($B13)<100000000,VALUE($B13),1000000000),IFERROR(IF(VALUE(MID($B13,2,20))<100000000,VALUE(MID($B13,2,20)),1000000000),1000000000))+ROW()/100000,"")
... A501: =IF($B501="","",IFERROR(IF(INDEX('Per Invoice'!$A$2:$A$201,MATCH($B501,'Per Invoice'!$B$2:$B$201,0))=0,"",INDEX('Per Invoice'!$A$2:$A$201,MATCH($B501,'Per Invoice'!$B$2:$B$201,0))),"")) | G501: =IF($B501="","",F501*L501/100) | S501: =IF($B501="","",IF($Y501=1,Settings!$C$6,Settings!$C$7)*1) | T501: =IF($B501="","",S501*L501) | U501: =IF($B501="","",L501-T501) | V501: =IF($B501="","",U501-G501) | W501: =IF($B501="","",IF(COUNTIF($B$2:$B501,$B501)=1,1,0)) | X501: =IF($W501=1,SUMPRODUCT(--($Z$2:$Z$501<$Z501))+1,"") | Y501: =IF($B501="","",IF(OR($R501=TRUE(),$R501="TRUE"),1,0)) | Z501: =IF($W501=1,IFERROR(IF(VALUE($B501)<100000000,VALUE($B501),1000000000),IFERROR(IF(VALUE(MID($B501,2,20))<100000000,VALUE(MID($B501,2,20)),1000000000),1000000000))+ROW()/100000,"")

Sheet Per Invoice
A1: Invoice | B1: Pos Reference | C1: APP | D1: Insurance Company | E1: Name | F1: Card Number | G1: Co Payment % | H1: Co val | I1: Payment Amount | J1: Session | K1: Order Reference | L1: IMP% | M1: IMP | N1: IMP VAL | O1: LOCAL % | P1: LOCAL | Q1: LOCAL VAL | R1: TOTAL VAL | S1: SUBTOTAL | T1: Grand Total | U1: NET | V1: Src Row (helper)
B2: =IF($V2="","",INDEX('Per Line'!$B$2:$B$501,$V2)&"") | D2: =IF($V2="","",INDEX('Per Line'!$C$2:$C$501,$V2)&"") | E2: =IF($V2="","",INDEX('Per Line'!$D$2:$D$501,$V2)&"") | F2: =IF($V2="","",INDEX('Per Line'!$E$2:$E$501,$V2)&"") | G2: =IF($V2="","",INDEX('Per Line'!$F$2:$F$501,$V2)) | H2: =IF($V2="","",G2*T2/100) | I2: =IF($V2="","",INDEX('Per Line'!$M$2:$M$501,$V2)&"") | J2: =IF($V2="","",INDEX('Per Line'!$O$2:$O$501,$V2)&"") | K2: =IF($V2="","",INDEX('Per Line'!$Q$2:$Q$501,$V2)&"") | L2: =IF($V2="","",Settings!$C$7) | M2: =IF($V2="","",SUMIFS('Per Line'!$L$2:$L$501,'Per Line'!$B$2:$B$501,$B2,'Per Line'!$Y$2:$Y$501,0)) | N2: =IF($V2="","",M2*L2) | O2: =IF($V2="","",Settings!$C$6) | P2: =IF($V2="","",SUMIFS('Per Line'!$L$2:$L$501,'Per Line'!$B$2:$B$501,$B2,'Per Line'!$Y$2:$Y$501,1)) | Q2: =IF($V2="","",P2*O2) | R2: =IF($V2="","",Q2+N2) | S2: =IF($V2="","",T2-R2) | T2: =IF($V2="","",M2+P2) | U2: =IF($V2="","",T2-R2-H2) | V2: =IF(ROWS($V$2:$V2)<=MAX('Per Line'!$X$2:$X$501),MATCH(ROWS($V$2:$V2),'Per Line'!$X$2:$X$501,0),"")
B3: =IF($V3="","",INDEX('Per Line'!$B$2:$B$501,$V3)&"") | D3: =IF($V3="","",INDEX('Per Line'!$C$2:$C$501,$V3)&"") | E3: =IF($V3="","",INDEX('Per Line'!$D$2:$D$501,$V3)&"") | F3: =IF($V3="","",INDEX('Per Line'!$E$2:$E$501,$V3)&"") | G3: =IF($V3="","",INDEX('Per Line'!$F$2:$F$501,$V3)) | H3: =IF($V3="","",G3*T3/100) | I3: =IF($V3="","",INDEX('Per Line'!$M$2:$M$501,$V3)&"") | J3: =IF($V3="","",INDEX('Per Line'!$O$2:$O$501,$V3)&"") | K3: =IF($V3="","",INDEX('Per Line'!$Q$2:$Q$501,$V3)&"") | L3: =IF($V3="","",Settings!$C$7) | M3: =IF($V3="","",SUMIFS('Per Line'!$L$2:$L$501,'Per Line'!$B$2:$B$501,$B3,'Per Line'!$Y$2:$Y$501,0)) | N3: =IF($V3="","",M3*L3) | O3: =IF($V3="","",Settings!$C$6) | P3: =IF($V3="","",SUMIFS('Per Line'!$L$2:$L$501,'Per Line'!$B$2:$B$501,$B3,'Per Line'!$Y$2:$Y$501,1)) | Q3: =IF($V3="","",P3*O3) | R3: =IF($V3="","",Q3+N3) | S3: =IF($V3="","",T3-R3) | T3: =IF($V3="","",M3+P3) | U3: =IF($V3="","",T3-R3-H3) | V3: =IF(ROWS($V$2:$V3)<=MAX('Per Line'!$X$2:$X$501),MATCH(ROWS($V$2:$V3),'Per Line'!$X$2:$X$501,0),"")
B4: =IF($V4="","",INDEX('Per Line'!$B$2:$B$501,$V4)&"") | D4: =IF($V4="","",INDEX('Per Line'!$C$2:$C$501,$V4)&"") | E4: =IF($V4="","",INDEX('Per Line'!$D$2:$D$501,$V4)&"") | F4: =IF($V4="","",INDEX('Per Line'!$E$2:$E$501,$V4)&"") | G4: =IF($V4="","",INDEX('Per Line'!$F$2:$F$501,$V4)) | H4: =IF($V4="","",G4*T4/100) | I4: =IF($V4="","",INDEX('Per Line'!$M$2:$M$501,$V4)&"") | J4: =IF($V4="","",INDEX('Per Line'!$O$2:$O$501,$V4)&"") | K4: =IF($V4="","",INDEX('Per Line'!$Q$2:$Q$501,$V4)&"") | L4: =IF($V4="","",Settings!$C$7) | M4: =IF($V4="","",SUMIFS('Per Line'!$L$2:$L$501,'Per Line'!$B$2:$B$501,$B4,'Per Line'!$Y$2:$Y$501,0)) | N4: =IF($V4="","",M4*L4) | O4: =IF($V4="","",Settings!$C$6) | P4: =IF($V4="","",SUMIFS('Per Line'!$L$2:$L$501,'Per Line'!$B$2:$B$501,$B4,'Per Line'!$Y$2:$Y$501,1)) | Q4: =IF($V4="","",P4*O4) | R4: =IF($V4="","",Q4+N4) | S4: =IF($V4="","",T4-R4) | T4: =IF($V4="","",M4+P4) | U4: =IF($V4="","",T4-R4-H4) | V4: =IF(ROWS($V$2:$V4)<=MAX('Per Line'!$X$2:$X$501),MATCH(ROWS($V$2:$V4),'Per Line'!$X$2:$X$501,0),"")
B5: =IF($V5="","",INDEX('Per Line'!$B$2:$B$501,$V5)&"") | D5: =IF($V5="","",INDEX('Per Line'!$C$2:$C$501,$V5)&"") | E5: =IF($V5="","",INDEX('Per Line'!$D$2:$D$501,$V5)&"") | F5: =IF($V5="","",INDEX('Per Line'!$E$2:$E$501,$V5)&"") | G5: =IF($V5="","",INDEX('Per Line'!$F$2:$F$501,$V5)) | H5: =IF($V5="","",G5*T5/100) | I5: =IF($V5="","",INDEX('Per Line'!$M$2:$M$501,$V5)&"") | J5: =IF($V5="","",INDEX('Per Line'!$O$2:$O$501,$V5)&"") | K5: =IF($V5="","",INDEX('Per Line'!$Q$2:$Q$501,$V5)&"") | L5: =IF($V5="","",Settings!$C$7) | M5: =IF($V5="","",SUMIFS('Per Line'!$L$2:$L$501,'Per Line'!$B$2:$B$501,$B5,'Per Line'!$Y$2:$Y$501,0)) | N5: =IF($V5="","",M5*L5) | O5: =IF($V5="","",Settings!$C$6) | P5: =IF($V5="","",SUMIFS('Per Line'!$L$2:$L$501,'Per Line'!$B$2:$B$501,$B5,'Per Line'!$Y$2:$Y$501,1)) | Q5: =IF($V5="","",P5*O5) | R5: =IF($V5="","",Q5+N5) | S5: =IF($V5="","",T5-R5) | T5: =IF($V5="","",M5+P5) | U5: =IF($V5="","",T5-R5-H5) | V5: =IF(ROWS($V$2:$V5)<=MAX('Per Line'!$X$2:$X$501),MATCH(ROWS($V$2:$V5),'Per Line'!$X$2:$X$501,0),"")
B6: =IF($V6="","",INDEX('Per Line'!$B$2:$B$501,$V6)&"") | D6: =IF($V6="","",INDEX('Per Line'!$C$2:$C$501,$V6)&"") | E6: =IF($V6="","",INDEX('Per Line'!$D$2:$D$501,$V6)&"") | F6: =IF($V6="","",INDEX('Per Line'!$E$2:$E$501,$V6)&"") | G6: =IF($V6="","",INDEX('Per Line'!$F$2:$F$501,$V6)) | H6: =IF($V6="","",G6*T6/100) | I6: =IF($V6="","",INDEX('Per Line'!$M$2:$M$501,$V6)&"") | J6: =IF($V6="","",INDEX('Per Line'!$O$2:$O$501,$V6)&"") | K6: =IF($V6="","",INDEX('Per Line'!$Q$2:$Q$501,$V6)&"") | L6: =IF($V6="","",Settings!$C$7) | M6: =IF($V6="","",SUMIFS('Per Line'!$L$2:$L$501,'Per Line'!$B$2:$B$501,$B6,'Per Line'!$Y$2:$Y$501,0)) | N6: =IF($V6="","",M6*L6) | O6: =IF($V6="","",Settings!$C$6) | P6: =IF($V6="","",SUMIFS('Per Line'!$L$2:$L$501,'Per Line'!$B$2:$B$501,$B6,'Per Line'!$Y$2:$Y$501,1)) | Q6: =IF($V6="","",P6*O6) | R6: =IF($V6="","",Q6+N6) | S6: =IF($V6="","",T6-R6) | T6: =IF($V6="","",M6+P6) | U6: =IF($V6="","",T6-R6-H6) | V6: =IF(ROWS($V$2:$V6)<=MAX('Per Line'!$X$2:$X$501),MATCH(ROWS($V$2:$V6),'Per Line'!$X$2:$X$501,0),"")
B7: =IF($V7="","",INDEX('Per Line'!$B$2:$B$501,$V7)&"") | D7: =IF($V7="","",INDEX('Per Line'!$C$2:$C$501,$V7)&"") | E7: =IF($V7="","",INDEX('Per Line'!$D$2:$D$501,$V7)&"") | F7: =IF($V7="","",INDEX('Per Line'!$E$2:$E$501,$V7)&"") | G7: =IF($V7="","",INDEX('Per Line'!$F$2:$F$501,$V7)) | H7: =IF($V7="","",G7*T7/100) | I7: =IF($V7="","",INDEX('Per Line'!$M$2:$M$501,$V7)&"") | J7: =IF($V7="","",INDEX('Per Line'!$O$2:$O$501,$V7)&"") | K7: =IF($V7="","",INDEX('Per Line'!$Q$2:$Q$501,$V7)&"") | L7: =IF($V7="","",Settings!$C$7) | M7: =IF($V7="","",SUMIFS('Per Line'!$L$2:$L$501,'Per Line'!$B$2:$B$501,$B7,'Per Line'!$Y$2:$Y$501,0)) | N7: =IF($V7="","",M7*L7) | O7: =IF($V7="","",Settings!$C$6) | P7: =IF($V7="","",SUMIFS('Per Line'!$L$2:$L$501,'Per Line'!$B$2:$B$501,$B7,'Per Line'!$Y$2:$Y$501,1)) | Q7: =IF($V7="","",P7*O7) | R7: =IF($V7="","",Q7+N7) | S7: =IF($V7="","",T7-R7) | T7: =IF($V7="","",M7+P7) | U7: =IF($V7="","",T7-R7-H7) | V7: =IF(ROWS($V$2:$V7)<=MAX('Per Line'!$X$2:$X$501),MATCH(ROWS($V$2:$V7),'Per Line'!$X$2:$X$501,0),"")
B8: =IF($V8="","",INDEX('Per Line'!$B$2:$B$501,$V8)&"") | D8: =IF($V8="","",INDEX('Per Line'!$C$2:$C$501,$V8)&"") | E8: =IF($V8="","",INDEX('Per Line'!$D$2:$D$501,$V8)&"") | F8: =IF($V8="","",INDEX('Per Line'!$E$2:$E$501,$V8)&"") | G8: =IF($V8="","",INDEX('Per Line'!$F$2:$F$501,$V8)) | H8: =IF($V8="","",G8*T8/100) | I8: =IF($V8="","",INDEX('Per Line'!$M$2:$M$501,$V8)&"") | J8: =IF($V8="","",INDEX('Per Line'!$O$2:$O$501,$V8)&"") | K8: =IF($V8="","",INDEX('Per Line'!$Q$2:$Q$501,$V8)&"") | L8: =IF($V8="","",Settings!$C$7) | M8: =IF($V8="","",SUMIFS('Per Line'!$L$2:$L$501,'Per Line'!$B$2:$B$501,$B8,'Per Line'!$Y$2:$Y$501,0)) | N8: =IF($V8="","",M8*L8) | O8: =IF($V8="","",Settings!$C$6) | P8: =IF($V8="","",SUMIFS('Per Line'!$L$2:$L$501,'Per Line'!$B$2:$B$501,$B8,'Per Line'!$Y$2:$Y$501,1)) | Q8: =IF($V8="","",P8*O8) | R8: =IF($V8="","",Q8+N8) | S8: =IF($V8="","",T8-R8) | T8: =IF($V8="","",M8+P8) | U8: =IF($V8="","",T8-R8-H8) | V8: =IF(ROWS($V$2:$V8)<=MAX('Per Line'!$X$2:$X$501),MATCH(ROWS($V$2:$V8),'Per Line'!$X$2:$X$501,0),"")
B9: =IF($V9="","",INDEX('Per Line'!$B$2:$B$501,$V9)&"") | D9: =IF($V9="","",INDEX('Per Line'!$C$2:$C$501,$V9)&"") | E9: =IF($V9="","",INDEX('Per Line'!$D$2:$D$501,$V9)&"") | F9: =IF($V9="","",INDEX('Per Line'!$E$2:$E$501,$V9)&"") | G9: =IF($V9="","",INDEX('Per Line'!$F$2:$F$501,$V9)) | H9: =IF($V9="","",G9*T9/100) | I9: =IF($V9="","",INDEX('Per Line'!$M$2:$M$501,$V9)&"") | J9: =IF($V9="","",INDEX('Per Line'!$O$2:$O$501,$V9)&"") | K9: =IF($V9="","",INDEX('Per Line'!$Q$2:$Q$501,$V9)&"") | L9: =IF($V9="","",Settings!$C$7) | M9: =IF($V9="","",SUMIFS('Per Line'!$L$2:$L$501,'Per Line'!$B$2:$B$501,$B9,'Per Line'!$Y$2:$Y$501,0)) | N9: =IF($V9="","",M9*L9) | O9: =IF($V9="","",Settings!$C$6) | P9: =IF($V9="","",SUMIFS('Per Line'!$L$2:$L$501,'Per Line'!$B$2:$B$501,$B9,'Per Line'!$Y$2:$Y$501,1)) | Q9: =IF($V9="","",P9*O9) | R9: =IF($V9="","",Q9+N9) | S9: =IF($V9="","",T9-R9) | T9: =IF($V9="","",M9+P9) | U9: =IF($V9="","",T9-R9-H9) | V9: =IF(ROWS($V$2:$V9)<=MAX('Per Line'!$X$2:$X$501),MATCH(ROWS($V$2:$V9),'Per Line'!$X$2:$X$501,0),"")
B10: =IF($V10="","",INDEX('Per Line'!$B$2:$B$501,$V10)&"") | D10: =IF($V10="","",INDEX('Per Line'!$C$2:$C$501,$V10)&"") | E10: =IF($V10="","",INDEX('Per Line'!$D$2:$D$501,$V10)&"") | F10: =IF($V10="","",INDEX('Per Line'!$E$2:$E$501,$V10)&"") | G10: =IF($V10="","",INDEX('Per Line'!$F$2:$F$501,$V10)) | H10: =IF($V10="","",G10*T10/100) | I10: =IF($V10="","",INDEX('Per Line'!$M$2:$M$501,$V10)&"") | J10: =IF($V10="","",INDEX('Per Line'!$O$2:$O$501,$V10)&"") | K10: =IF($V10="","",INDEX('Per Line'!$Q$2:$Q$501,$V10)&"") | L10: =IF($V10="","",Settings!$C$7) | M10: =IF($V10="","",SUMIFS('Per Line'!$L$2:$L$501,'Per Line'!$B$2:$B$501,$B10,'Per Line'!$Y$2:$Y$501,0)) | N10: =IF($V10="","",M10*L10) | O10: =IF($V10="","",Settings!$C$6) | P10: =IF($V10="","",SUMIFS('Per Line'!$L$2:$L$501,'Per Line'!$B$2:$B$501,$B10,'Per Line'!$Y$2:$Y$501,1)) | Q10: =IF($V10="","",P10*O10) | R10: =IF($V10="","",Q10+N10) | S10: =IF($V10="","",T10-R10) | T10: =IF($V10="","",M10+P10) | U10: =IF($V10="","",T10-R10-H10) | V10: =IF(ROWS($V$2:$V10)<=MAX('Per Line'!$X$2:$X$501),MATCH(ROWS($V$2:$V10),'Per Line'!$X$2:$X$501,0),"")
B11: =IF($V11="","",INDEX('Per Line'!$B$2:$B$501,$V11)&"") | D11: =IF($V11="","",INDEX('Per Line'!$C$2:$C$501,$V11)&"") | E11: =IF($V11="","",INDEX('Per Line'!$D$2:$D$501,$V11)&"") | F11: =IF($V11="","",INDEX('Per Line'!$E$2:$E$501,$V11)&"") | G11: =IF($V11="","",INDEX('Per Line'!$F$2:$F$501,$V11)) | H11: =IF($V11="","",G11*T11/100) | I11: =IF($V11="","",INDEX('Per Line'!$M$2:$M$501,$V11)&"") | J11: =IF($V11="","",INDEX('Per Line'!$O$2:$O$501,$V11)&"") | K11: =IF($V11="","",INDEX('Per Line'!$Q$2:$Q$501,$V11)&"") | L11: =IF($V11="","",Settings!$C$7) | M11: =IF($V11="","",SUMIFS('Per Line'!$L$2:$L$501,'Per Line'!$B$2:$B$501,$B11,'Per Line'!$Y$2:$Y$501,0)) | N11: =IF($V11="","",M11*L11) | O11: =IF($V11="","",Settings!$C$6) | P11: =IF($V11="","",SUMIFS('Per Line'!$L$2:$L$501,'Per Line'!$B$2:$B$501,$B11,'Per Line'!$Y$2:$Y$501,1)) | Q11: =IF($V11="","",P11*O11) | R11: =IF($V11="","",Q11+N11) | S11: =IF($V11="","",T11-R11) | T11: =IF($V11="","",M11+P11) | U11: =IF($V11="","",T11-R11-H11) | V11: =IF(ROWS($V$2:$V11)<=MAX('Per Line'!$X$2:$X$501),MATCH(ROWS($V$2:$V11),'Per Line'!$X$2:$X$501,0),"")
B12: =IF($V12="","",INDEX('Per Line'!$B$2:$B$501,$V12)&"") | D12: =IF($V12="","",INDEX('Per Line'!$C$2:$C$501,$V12)&"") | E12: =IF($V12="","",INDEX('Per Line'!$D$2:$D$501,$V12)&"") | F12: =IF($V12="","",INDEX('Per Line'!$E$2:$E$501,$V12)&"") | G12: =IF($V12="","",INDEX('Per Line'!$F$2:$F$501,$V12)) | H12: =IF($V12="","",G12*T12/100) | I12: =IF($V12="","",INDEX('Per Line'!$M$2:$M$501,$V12)&"") | J12: =IF($V12="","",INDEX('Per Line'!$O$2:$O$501,$V12)&"") | K12: =IF($V12="","",INDEX('Per Line'!$Q$2:$Q$501,$V12)&"") | L12: =IF($V12="","",Settings!$C$7) | M12: =IF($V12="","",SUMIFS('Per Line'!$L$2:$L$501,'Per Line'!$B$2:$B$501,$B12,'Per Line'!$Y$2:$Y$501,0)) | N12: =IF($V12="","",M12*L12) | O12: =IF($V12="","",Settings!$C$6) | P12: =IF($V12="","",SUMIFS('Per Line'!$L$2:$L$501,'Per Line'!$B$2:$B$501,$B12,'Per Line'!$Y$2:$Y$501,1)) | Q12: =IF($V12="","",P12*O12) | R12: =IF($V12="","",Q12+N12) | S12: =IF($V12="","",T12-R12) | T12: =IF($V12="","",M12+P12) | U12: =IF($V12="","",T12-R12-H12) | V12: =IF(ROWS($V$2:$V12)<=MAX('Per Line'!$X$2:$X$501),MATCH(ROWS($V$2:$V12),'Per Line'!$X$2:$X$501,0),"")
B13: =IF($V13="","",INDEX('Per Line'!$B$2:$B$501,$V13)&"") | D13: =IF($V13="","",INDEX('Per Line'!$C$2:$C$501,$V13)&"") | E13: =IF($V13="","",INDEX('Per Line'!$D$2:$D$501,$V13)&"") | F13: =IF($V13="","",INDEX('Per Line'!$E$2:$E$501,$V13)&"") | G13: =IF($V13="","",INDEX('Per Line'!$F$2:$F$501,$V13)) | H13: =IF($V13="","",G13*T13/100) | I13: =IF($V13="","",INDEX('Per Line'!$M$2:$M$501,$V13)&"") | J13: =IF($V13="","",INDEX('Per Line'!$O$2:$O$501,$V13)&"") | K13: =IF($V13="","",INDEX('Per Line'!$Q$2:$Q$501,$V13)&"") | L13: =IF($V13="","",Settings!$C$7) | M13: =IF($V13="","",SUMIFS('Per Line'!$L$2:$L$501,'Per Line'!$B$2:$B$501,$B13,'Per Line'!$Y$2:$Y$501,0)) | N13: =IF($V13="","",M13*L13) | O13: =IF($V13="","",Settings!$C$6) | P13: =IF($V13="","",SUMIFS('Per Line'!$L$2:$L$501,'Per Line'!$B$2:$B$501,$B13,'Per Line'!$Y$2:$Y$501,1)) | Q13: =IF($V13="","",P13*O13) | R13: =IF($V13="","",Q13+N13) | S13: =IF($V13="","",T13-R13) | T13: =IF($V13="","",M13+P13) | U13: =IF($V13="","",T13-R13-H13) | V13: =IF(ROWS($V$2:$V13)<=MAX('Per Line'!$X$2:$X$501),MATCH(ROWS($V$2:$V13),'Per Line'!$X$2:$X$501,0),"")
... B201: =IF($V201="","",INDEX('Per Line'!$B$2:$B$501,$V201)&"") | D201: =IF($V201="","",INDEX('Per Line'!$C$2:$C$501,$V201)&"") | E201: =IF($V201="","",INDEX('Per Line'!$D$2:$D$501,$V201)&"") | F201: =IF($V201="","",INDEX('Per Line'!$E$2:$E$501,$V201)&"") | G201: =IF($V201="","",INDEX('Per Line'!$F$2:$F$501,$V201)) | H201: =IF($V201="","",G201*T201/100) | I201: =IF($V201="","",INDEX('Per Line'!$M$2:$M$501,$V201)&"") | J201: =IF($V201="","",INDEX('Per Line'!$O$2:$O$501,$V201)&"") | K201: =IF($V201="","",INDEX('Per Line'!$Q$2:$Q$501,$V201)&"") | L201: =IF($V201="","",Settings!$C$7) | M201: =IF($V201="","",SUMIFS('Per Line'!$L$2:$L$501,'Per Line'!$B$2:$B$501,$B201,'Per Line'!$Y$2:$Y$501,0)) | N201: =IF($V201="","",M201*L201) | O201: =IF($V201="","",Settings!$C$6) | P201: =IF($V201="","",SUMIFS('Per Line'!$L$2:$L$501,'Per Line'!$B$2:$B$501,$B201,'Per Line'!$Y$2:$Y$501,1)) | Q201: =IF($V201="","",P201*O201) | R201: =IF($V201="","",Q201+N201) | S201: =IF($V201="","",T201-R201) | T201: =IF($V201="","",M201+P201) | U201: =IF($V201="","",T201-R201-H201) | V201: =IF(ROWS($V$2:$V201)<=MAX('Per Line'!$X$2:$X$501),MATCH(ROWS($V$2:$V201),'Per Line'!$X$2:$X$501,0),"")
