Workbook

Sheet How To Use
B1: METLIFE - CHRONIC TEMPLATE
B3: Colours: blue header = pasted or typed by you, green header = formula (do not paste over it), grey header = helper, yellow = editable setting.
B5: 1. In 'Per Line', paste the lines of the sheet from row 2 into the blue columns: A-W, AA-AB.
B6: Do NOT paste over the green formula columns: X-Z, AC (they calculate Discount, Co val, Subtotal and Net from the Total Approved, Rebates % and Copay % you pasted).
B7: Paste the columns in the same order as the source sheet. Rebates % and Copay % come from the sheet, so there are no rates to set. If a Rebates % is typed as a fraction below 1 (for example 0.12), the template reads it as a percent (12).
B8: 2. 'Per Invoice' fills itself: one row per So, in the order the orders first appear in 'Per Line'. The Status column comes from 'Per Line'. Type Card, ERX in the blue columns.
B9: 3. 'Summary' shows the count and totals by Status (Full Match, Not Match, Other).
B10: 4. Open 'Settings': STATUS must say OK. If it says CHECK, a total in 'Per Line' differs from 'Per Invoice', there are more orders than the template has room for.
B12: To start a new month: clear the blue cells in 'Per Line' (row 2 down) and the blue cells in 'Per Invoice', then paste again.

Sheet Settings
B1: METLIFE - CHRONIC - SETTINGS
B3: Insurance company | C3: Metlife | D3: Rebates % and Copay % are typed on every line of the export, so there are no rates to set here.
B4: Type | C4: Chronic
B5: Month (as in the source sheet) | C5: September 2026
B9: Reconciliation (Per Line vs Per Invoice)
B10: Lines loaded | C10: =COUNTA('Per Line'!$D$2:$D$2501)
B11: Invoices (unique So) | C11: =MAX('Per Line'!$AD$2:$AD$2501)
B12: Invoices shown in Per Invoice | C12: =COUNTIF('Per Invoice'!$B$2:$B$701,"?*")+COUNT('Per Invoice'!$B$2:$B$701)
B13: Total Approved - Per Line | C13: =SUM('Per Line'!$W$2:$W$2501)
B14: Total Approved - Per Invoice | C14: =SUM('Per Invoice'!$G$2:$G$701)
B15: Discount - Per Line | C15: =SUM('Per Line'!$X$2:$X$2501)
B16: Discount - Per Invoice | C16: =SUM('Per Invoice'!$H$2:$H$701)
B17: Co val - Per Line | C17: =SUM('Per Line'!$Y$2:$Y$2501)
B18: Co val - Per Invoice | C18: =SUM('Per Invoice'!$I$2:$I$701)
B19: Net - Per Line | C19: =SUM('Per Line'!$AC$2:$AC$2501)
B20: Net - Per Invoice | C20: =SUM('Per Invoice'!$K$2:$K$701)
B21: Orders that do not fit in Per Invoice (must be 0) | C21: =MAX(0,C11-700)
B23: STATUS | C23: =IF(C10=0,"No data loaded",IF(AND(C21=0,C12=C11,ABS(C13-C14)<0.01,ABS(C15-C16)<0.01,ABS(C17-C18)<0.01,ABS(C19-C20)<0.01),"OK","CHECK")) | D23: Per Line has room for 2500 lines and Per Invoice for 700 invoices.

Sheet Summary
A1: Status | B1: Count of So | C1: Sum of Total Approved | D1: Sum of dis | E1: Sum of Paid Amount | F1: Sum of Subtotal | G1: Sum of Net Amt
A2: Full Match | B2: =COUNTIF('Per Invoice'!$M$2:$M$701,A2) | C2: =SUMIFS('Per Invoice'!$G$2:$G$701,'Per Invoice'!$M$2:$M$701,$A2) | D2: =SUMIFS('Per Invoice'!$H$2:$H$701,'Per Invoice'!$M$2:$M$701,$A2) | E2: =SUMIFS('Per Invoice'!$I$2:$I$701,'Per Invoice'!$M$2:$M$701,$A2) | F2: =SUMIFS('Per Invoice'!$J$2:$J$701,'Per Invoice'!$M$2:$M$701,$A2) | G2: =SUMIFS('Per Invoice'!$K$2:$K$701,'Per Invoice'!$M$2:$M$701,$A2)
A3: Not Match | B3: =COUNTIF('Per Invoice'!$M$2:$M$701,A3) | C3: =SUMIFS('Per Invoice'!$G$2:$G$701,'Per Invoice'!$M$2:$M$701,$A3) | D3: =SUMIFS('Per Invoice'!$H$2:$H$701,'Per Invoice'!$M$2:$M$701,$A3) | E3: =SUMIFS('Per Invoice'!$I$2:$I$701,'Per Invoice'!$M$2:$M$701,$A3) | F3: =SUMIFS('Per Invoice'!$J$2:$J$701,'Per Invoice'!$M$2:$M$701,$A3) | G3: =SUMIFS('Per Invoice'!$K$2:$K$701,'Per Invoice'!$M$2:$M$701,$A3)
A4: Other / Unassigned | B4: =B5-SUM(B2:B3) | C4: =C5-SUM(C2:C3) | D4: =D5-SUM(D2:D3) | E4: =E5-SUM(E2:E3) | F4: =F5-SUM(F2:F3) | G4: =G5-SUM(G2:G3)
A5: Grand Total | B5: =COUNTIF('Per Invoice'!$B$2:$B$701,"?*") | C5: =SUM('Per Invoice'!$G$2:$G$701) | D5: =SUM('Per Invoice'!$H$2:$H$701) | E5: =SUM('Per Invoice'!$I$2:$I$701) | F5: =SUM('Per Invoice'!$J$2:$J$701) | G5: =SUM('Per Invoice'!$K$2:$K$701)

Sheet Per Line
A1: Lot | B1: Glob Med Ref | C1: SSNBR | D1: So | E1: Status | F1: Dependent code | G1: Individual Number | H1: Provider Name | I1: real Provider Code | J1: real Provider Name | K1: DIAG 1(ICD9) | L1: Concat | M1: HZB | N1: Item code | O1: Globemed Item Code | P1: Item description | Q1: Comment1 | R1: comment2 | S1: Alternative | T1: Unit Type Dispensed | U1: Svc Date | V1: Qty Approved | W1: Total Approved | X1: dis | Y1: Paid Amount | Z1: Subtotal | AA1: Co pay% | AB1: Rebates | AC1: Net Amt | AD1: Order Seq (helper)
X2: =IF(D2="","",W2*IF(AND(ISNUMBER(AB2),AB2>0,AB2<1),AB2*100,AB2)/100) | Y2: =IF(D2="","",AA2*Z2/100) | Z2: =IF(D2="","",W2-X2) | AC2: =IF(D2="","",Z2-Y2) | AD2: =IF(D2="","",N(AD1)+IF(MATCH(D2,$D$2:$D$2501,0)=ROW()-1,1,0))
X3: =IF(D3="","",W3*IF(AND(ISNUMBER(AB3),AB3>0,AB3<1),AB3*100,AB3)/100) | Y3: =IF(D3="","",AA3*Z3/100) | Z3: =IF(D3="","",W3-X3) | AC3: =IF(D3="","",Z3-Y3) | AD3: =IF(D3="","",N(AD2)+IF(MATCH(D3,$D$2:$D$2501,0)=ROW()-1,1,0))
X4: =IF(D4="","",W4*IF(AND(ISNUMBER(AB4),AB4>0,AB4<1),AB4*100,AB4)/100) | Y4: =IF(D4="","",AA4*Z4/100) | Z4: =IF(D4="","",W4-X4) | AC4: =IF(D4="","",Z4-Y4) | AD4: =IF(D4="","",N(AD3)+IF(MATCH(D4,$D$2:$D$2501,0)=ROW()-1,1,0))
X5: =IF(D5="","",W5*IF(AND(ISNUMBER(AB5),AB5>0,AB5<1),AB5*100,AB5)/100) | Y5: =IF(D5="","",AA5*Z5/100) | Z5: =IF(D5="","",W5-X5) | AC5: =IF(D5="","",Z5-Y5) | AD5: =IF(D5="","",N(AD4)+IF(MATCH(D5,$D$2:$D$2501,0)=ROW()-1,1,0))
X6: =IF(D6="","",W6*IF(AND(ISNUMBER(AB6),AB6>0,AB6<1),AB6*100,AB6)/100) | Y6: =IF(D6="","",AA6*Z6/100) | Z6: =IF(D6="","",W6-X6) | AC6: =IF(D6="","",Z6-Y6) | AD6: =IF(D6="","",N(AD5)+IF(MATCH(D6,$D$2:$D$2501,0)=ROW()-1,1,0))
X7: =IF(D7="","",W7*IF(AND(ISNUMBER(AB7),AB7>0,AB7<1),AB7*100,AB7)/100) | Y7: =IF(D7="","",AA7*Z7/100) | Z7: =IF(D7="","",W7-X7) | AC7: =IF(D7="","",Z7-Y7) | AD7: =IF(D7="","",N(AD6)+IF(MATCH(D7,$D$2:$D$2501,0)=ROW()-1,1,0))
X8: =IF(D8="","",W8*IF(AND(ISNUMBER(AB8),AB8>0,AB8<1),AB8*100,AB8)/100) | Y8: =IF(D8="","",AA8*Z8/100) | Z8: =IF(D8="","",W8-X8) | AC8: =IF(D8="","",Z8-Y8) | AD8: =IF(D8="","",N(AD7)+IF(MATCH(D8,$D$2:$D$2501,0)=ROW()-1,1,0))
X9: =IF(D9="","",W9*IF(AND(ISNUMBER(AB9),AB9>0,AB9<1),AB9*100,AB9)/100) | Y9: =IF(D9="","",AA9*Z9/100) | Z9: =IF(D9="","",W9-X9) | AC9: =IF(D9="","",Z9-Y9) | AD9: =IF(D9="","",N(AD8)+IF(MATCH(D9,$D$2:$D$2501,0)=ROW()-1,1,0))
X10: =IF(D10="","",W10*IF(AND(ISNUMBER(AB10),AB10>0,AB10<1),AB10*100,AB10)/100) | Y10: =IF(D10="","",AA10*Z10/100) | Z10: =IF(D10="","",W10-X10) | AC10: =IF(D10="","",Z10-Y10) | AD10: =IF(D10="","",N(AD9)+IF(MATCH(D10,$D$2:$D$2501,0)=ROW()-1,1,0))
X11: =IF(D11="","",W11*IF(AND(ISNUMBER(AB11),AB11>0,AB11<1),AB11*100,AB11)/100) | Y11: =IF(D11="","",AA11*Z11/100) | Z11: =IF(D11="","",W11-X11) | AC11: =IF(D11="","",Z11-Y11) | AD11: =IF(D11="","",N(AD10)+IF(MATCH(D11,$D$2:$D$2501,0)=ROW()-1,1,0))
X12: =IF(D12="","",W12*IF(AND(ISNUMBER(AB12),AB12>0,AB12<1),AB12*100,AB12)/100) | Y12: =IF(D12="","",AA12*Z12/100) | Z12: =IF(D12="","",W12-X12) | AC12: =IF(D12="","",Z12-Y12) | AD12: =IF(D12="","",N(AD11)+IF(MATCH(D12,$D$2:$D$2501,0)=ROW()-1,1,0))
X13: =IF(D13="","",W13*IF(AND(ISNUMBER(AB13),AB13>0,AB13<1),AB13*100,AB13)/100) | Y13: =IF(D13="","",AA13*Z13/100) | Z13: =IF(D13="","",W13-X13) | AC13: =IF(D13="","",Z13-Y13) | AD13: =IF(D13="","",N(AD12)+IF(MATCH(D13,$D$2:$D$2501,0)=ROW()-1,1,0))
... X2501: =IF(D2501="","",W2501*IF(AND(ISNUMBER(AB2501),AB2501>0,AB2501<1),AB2501*100,AB2501)/100) | Y2501: =IF(D2501="","",AA2501*Z2501/100) | Z2501: =IF(D2501="","",W2501-X2501) | AC2501: =IF(D2501="","",Z2501-Y2501) | AD2501: =IF(D2501="","",N(AD2500)+IF(MATCH(D2501,$D$2:$D$2501,0)=ROW()-1,1,0))

Sheet Per Invoice
A1: SSNBR | B1: So | C1: Lot | D1: Card | E1: ERX | F1: Svc Date | G1: Sum of Total Approved | H1: Sum of dis | I1: Sum of Paid Amount | J1: Sum of Subtotal | K1: Sum of Net Amt | L1: Src Row (helper) | M1: Status
A2: =IF($L2="","",INDEX('Per Line'!$C$2:$C$2501,$L2)) | B2: =IF($L2="","",INDEX('Per Line'!$D$2:$D$2501,$L2)) | C2: =IF($L2="","",INDEX('Per Line'!$A$2:$A$2501,$L2)) | F2: =IF($L2="","",INDEX('Per Line'!$U$2:$U$2501,$L2)) | G2: =IF($L2="","",SUMIFS('Per Line'!$W$2:$W$2501,'Per Line'!$D$2:$D$2501,$B2)) | H2: =IF($L2="","",SUMIFS('Per Line'!$X$2:$X$2501,'Per Line'!$D$2:$D$2501,$B2)) | I2: =IF($L2="","",SUMIFS('Per Line'!$Y$2:$Y$2501,'Per Line'!$D$2:$D$2501,$B2)) | J2: =IF($L2="","",G2-H2) | K2: =IF($L2="","",J2-I2) | L2: =IF(ROWS($L$2:$L2)<=MAX('Per Line'!$AD$2:$AD$2501),MATCH(ROWS($L$2:$L2),'Per Line'!$AD$2:$AD$2501,0),"") | M2: =IF($L2="","",INDEX('Per Line'!$E$2:$E$2501,$L2))
A3: =IF($L3="","",INDEX('Per Line'!$C$2:$C$2501,$L3)) | B3: =IF($L3="","",INDEX('Per Line'!$D$2:$D$2501,$L3)) | C3: =IF($L3="","",INDEX('Per Line'!$A$2:$A$2501,$L3)) | F3: =IF($L3="","",INDEX('Per Line'!$U$2:$U$2501,$L3)) | G3: =IF($L3="","",SUMIFS('Per Line'!$W$2:$W$2501,'Per Line'!$D$2:$D$2501,$B3)) | H3: =IF($L3="","",SUMIFS('Per Line'!$X$2:$X$2501,'Per Line'!$D$2:$D$2501,$B3)) | I3: =IF($L3="","",SUMIFS('Per Line'!$Y$2:$Y$2501,'Per Line'!$D$2:$D$2501,$B3)) | J3: =IF($L3="","",G3-H3) | K3: =IF($L3="","",J3-I3) | L3: =IF(ROWS($L$2:$L3)<=MAX('Per Line'!$AD$2:$AD$2501),MATCH(ROWS($L$2:$L3),'Per Line'!$AD$2:$AD$2501,0),"") | M3: =IF($L3="","",INDEX('Per Line'!$E$2:$E$2501,$L3))
A4: =IF($L4="","",INDEX('Per Line'!$C$2:$C$2501,$L4)) | B4: =IF($L4="","",INDEX('Per Line'!$D$2:$D$2501,$L4)) | C4: =IF($L4="","",INDEX('Per Line'!$A$2:$A$2501,$L4)) | F4: =IF($L4="","",INDEX('Per Line'!$U$2:$U$2501,$L4)) | G4: =IF($L4="","",SUMIFS('Per Line'!$W$2:$W$2501,'Per Line'!$D$2:$D$2501,$B4)) | H4: =IF($L4="","",SUMIFS('Per Line'!$X$2:$X$2501,'Per Line'!$D$2:$D$2501,$B4)) | I4: =IF($L4="","",SUMIFS('Per Line'!$Y$2:$Y$2501,'Per Line'!$D$2:$D$2501,$B4)) | J4: =IF($L4="","",G4-H4) | K4: =IF($L4="","",J4-I4) | L4: =IF(ROWS($L$2:$L4)<=MAX('Per Line'!$AD$2:$AD$2501),MATCH(ROWS($L$2:$L4),'Per Line'!$AD$2:$AD$2501,0),"") | M4: =IF($L4="","",INDEX('Per Line'!$E$2:$E$2501,$L4))
A5: =IF($L5="","",INDEX('Per Line'!$C$2:$C$2501,$L5)) | B5: =IF($L5="","",INDEX('Per Line'!$D$2:$D$2501,$L5)) | C5: =IF($L5="","",INDEX('Per Line'!$A$2:$A$2501,$L5)) | F5: =IF($L5="","",INDEX('Per Line'!$U$2:$U$2501,$L5)) | G5: =IF($L5="","",SUMIFS('Per Line'!$W$2:$W$2501,'Per Line'!$D$2:$D$2501,$B5)) | H5: =IF($L5="","",SUMIFS('Per Line'!$X$2:$X$2501,'Per Line'!$D$2:$D$2501,$B5)) | I5: =IF($L5="","",SUMIFS('Per Line'!$Y$2:$Y$2501,'Per Line'!$D$2:$D$2501,$B5)) | J5: =IF($L5="","",G5-H5) | K5: =IF($L5="","",J5-I5) | L5: =IF(ROWS($L$2:$L5)<=MAX('Per Line'!$AD$2:$AD$2501),MATCH(ROWS($L$2:$L5),'Per Line'!$AD$2:$AD$2501,0),"") | M5: =IF($L5="","",INDEX('Per Line'!$E$2:$E$2501,$L5))
A6: =IF($L6="","",INDEX('Per Line'!$C$2:$C$2501,$L6)) | B6: =IF($L6="","",INDEX('Per Line'!$D$2:$D$2501,$L6)) | C6: =IF($L6="","",INDEX('Per Line'!$A$2:$A$2501,$L6)) | F6: =IF($L6="","",INDEX('Per Line'!$U$2:$U$2501,$L6)) | G6: =IF($L6="","",SUMIFS('Per Line'!$W$2:$W$2501,'Per Line'!$D$2:$D$2501,$B6)) | H6: =IF($L6="","",SUMIFS('Per Line'!$X$2:$X$2501,'Per Line'!$D$2:$D$2501,$B6)) | I6: =IF($L6="","",SUMIFS('Per Line'!$Y$2:$Y$2501,'Per Line'!$D$2:$D$2501,$B6)) | J6: =IF($L6="","",G6-H6) | K6: =IF($L6="","",J6-I6) | L6: =IF(ROWS($L$2:$L6)<=MAX('Per Line'!$AD$2:$AD$2501),MATCH(ROWS($L$2:$L6),'Per Line'!$AD$2:$AD$2501,0),"") | M6: =IF($L6="","",INDEX('Per Line'!$E$2:$E$2501,$L6))
A7: =IF($L7="","",INDEX('Per Line'!$C$2:$C$2501,$L7)) | B7: =IF($L7="","",INDEX('Per Line'!$D$2:$D$2501,$L7)) | C7: =IF($L7="","",INDEX('Per Line'!$A$2:$A$2501,$L7)) | F7: =IF($L7="","",INDEX('Per Line'!$U$2:$U$2501,$L7)) | G7: =IF($L7="","",SUMIFS('Per Line'!$W$2:$W$2501,'Per Line'!$D$2:$D$2501,$B7)) | H7: =IF($L7="","",SUMIFS('Per Line'!$X$2:$X$2501,'Per Line'!$D$2:$D$2501,$B7)) | I7: =IF($L7="","",SUMIFS('Per Line'!$Y$2:$Y$2501,'Per Line'!$D$2:$D$2501,$B7)) | J7: =IF($L7="","",G7-H7) | K7: =IF($L7="","",J7-I7) | L7: =IF(ROWS($L$2:$L7)<=MAX('Per Line'!$AD$2:$AD$2501),MATCH(ROWS($L$2:$L7),'Per Line'!$AD$2:$AD$2501,0),"") | M7: =IF($L7="","",INDEX('Per Line'!$E$2:$E$2501,$L7))
A8: =IF($L8="","",INDEX('Per Line'!$C$2:$C$2501,$L8)) | B8: =IF($L8="","",INDEX('Per Line'!$D$2:$D$2501,$L8)) | C8: =IF($L8="","",INDEX('Per Line'!$A$2:$A$2501,$L8)) | F8: =IF($L8="","",INDEX('Per Line'!$U$2:$U$2501,$L8)) | G8: =IF($L8="","",SUMIFS('Per Line'!$W$2:$W$2501,'Per Line'!$D$2:$D$2501,$B8)) | H8: =IF($L8="","",SUMIFS('Per Line'!$X$2:$X$2501,'Per Line'!$D$2:$D$2501,$B8)) | I8: =IF($L8="","",SUMIFS('Per Line'!$Y$2:$Y$2501,'Per Line'!$D$2:$D$2501,$B8)) | J8: =IF($L8="","",G8-H8) | K8: =IF($L8="","",J8-I8) | L8: =IF(ROWS($L$2:$L8)<=MAX('Per Line'!$AD$2:$AD$2501),MATCH(ROWS($L$2:$L8),'Per Line'!$AD$2:$AD$2501,0),"") | M8: =IF($L8="","",INDEX('Per Line'!$E$2:$E$2501,$L8))
A9: =IF($L9="","",INDEX('Per Line'!$C$2:$C$2501,$L9)) | B9: =IF($L9="","",INDEX('Per Line'!$D$2:$D$2501,$L9)) | C9: =IF($L9="","",INDEX('Per Line'!$A$2:$A$2501,$L9)) | F9: =IF($L9="","",INDEX('Per Line'!$U$2:$U$2501,$L9)) | G9: =IF($L9="","",SUMIFS('Per Line'!$W$2:$W$2501,'Per Line'!$D$2:$D$2501,$B9)) | H9: =IF($L9="","",SUMIFS('Per Line'!$X$2:$X$2501,'Per Line'!$D$2:$D$2501,$B9)) | I9: =IF($L9="","",SUMIFS('Per Line'!$Y$2:$Y$2501,'Per Line'!$D$2:$D$2501,$B9)) | J9: =IF($L9="","",G9-H9) | K9: =IF($L9="","",J9-I9) | L9: =IF(ROWS($L$2:$L9)<=MAX('Per Line'!$AD$2:$AD$2501),MATCH(ROWS($L$2:$L9),'Per Line'!$AD$2:$AD$2501,0),"") | M9: =IF($L9="","",INDEX('Per Line'!$E$2:$E$2501,$L9))
A10: =IF($L10="","",INDEX('Per Line'!$C$2:$C$2501,$L10)) | B10: =IF($L10="","",INDEX('Per Line'!$D$2:$D$2501,$L10)) | C10: =IF($L10="","",INDEX('Per Line'!$A$2:$A$2501,$L10)) | F10: =IF($L10="","",INDEX('Per Line'!$U$2:$U$2501,$L10)) | G10: =IF($L10="","",SUMIFS('Per Line'!$W$2:$W$2501,'Per Line'!$D$2:$D$2501,$B10)) | H10: =IF($L10="","",SUMIFS('Per Line'!$X$2:$X$2501,'Per Line'!$D$2:$D$2501,$B10)) | I10: =IF($L10="","",SUMIFS('Per Line'!$Y$2:$Y$2501,'Per Line'!$D$2:$D$2501,$B10)) | J10: =IF($L10="","",G10-H10) | K10: =IF($L10="","",J10-I10) | L10: =IF(ROWS($L$2:$L10)<=MAX('Per Line'!$AD$2:$AD$2501),MATCH(ROWS($L$2:$L10),'Per Line'!$AD$2:$AD$2501,0),"") | M10: =IF($L10="","",INDEX('Per Line'!$E$2:$E$2501,$L10))
A11: =IF($L11="","",INDEX('Per Line'!$C$2:$C$2501,$L11)) | B11: =IF($L11="","",INDEX('Per Line'!$D$2:$D$2501,$L11)) | C11: =IF($L11="","",INDEX('Per Line'!$A$2:$A$2501,$L11)) | F11: =IF($L11="","",INDEX('Per Line'!$U$2:$U$2501,$L11)) | G11: =IF($L11="","",SUMIFS('Per Line'!$W$2:$W$2501,'Per Line'!$D$2:$D$2501,$B11)) | H11: =IF($L11="","",SUMIFS('Per Line'!$X$2:$X$2501,'Per Line'!$D$2:$D$2501,$B11)) | I11: =IF($L11="","",SUMIFS('Per Line'!$Y$2:$Y$2501,'Per Line'!$D$2:$D$2501,$B11)) | J11: =IF($L11="","",G11-H11) | K11: =IF($L11="","",J11-I11) | L11: =IF(ROWS($L$2:$L11)<=MAX('Per Line'!$AD$2:$AD$2501),MATCH(ROWS($L$2:$L11),'Per Line'!$AD$2:$AD$2501,0),"") | M11: =IF($L11="","",INDEX('Per Line'!$E$2:$E$2501,$L11))
A12: =IF($L12="","",INDEX('Per Line'!$C$2:$C$2501,$L12)) | B12: =IF($L12="","",INDEX('Per Line'!$D$2:$D$2501,$L12)) | C12: =IF($L12="","",INDEX('Per Line'!$A$2:$A$2501,$L12)) | F12: =IF($L12="","",INDEX('Per Line'!$U$2:$U$2501,$L12)) | G12: =IF($L12="","",SUMIFS('Per Line'!$W$2:$W$2501,'Per Line'!$D$2:$D$2501,$B12)) | H12: =IF($L12="","",SUMIFS('Per Line'!$X$2:$X$2501,'Per Line'!$D$2:$D$2501,$B12)) | I12: =IF($L12="","",SUMIFS('Per Line'!$Y$2:$Y$2501,'Per Line'!$D$2:$D$2501,$B12)) | J12: =IF($L12="","",G12-H12) | K12: =IF($L12="","",J12-I12) | L12: =IF(ROWS($L$2:$L12)<=MAX('Per Line'!$AD$2:$AD$2501),MATCH(ROWS($L$2:$L12),'Per Line'!$AD$2:$AD$2501,0),"") | M12: =IF($L12="","",INDEX('Per Line'!$E$2:$E$2501,$L12))
A13: =IF($L13="","",INDEX('Per Line'!$C$2:$C$2501,$L13)) | B13: =IF($L13="","",INDEX('Per Line'!$D$2:$D$2501,$L13)) | C13: =IF($L13="","",INDEX('Per Line'!$A$2:$A$2501,$L13)) | F13: =IF($L13="","",INDEX('Per Line'!$U$2:$U$2501,$L13)) | G13: =IF($L13="","",SUMIFS('Per Line'!$W$2:$W$2501,'Per Line'!$D$2:$D$2501,$B13)) | H13: =IF($L13="","",SUMIFS('Per Line'!$X$2:$X$2501,'Per Line'!$D$2:$D$2501,$B13)) | I13: =IF($L13="","",SUMIFS('Per Line'!$Y$2:$Y$2501,'Per Line'!$D$2:$D$2501,$B13)) | J13: =IF($L13="","",G13-H13) | K13: =IF($L13="","",J13-I13) | L13: =IF(ROWS($L$2:$L13)<=MAX('Per Line'!$AD$2:$AD$2501),MATCH(ROWS($L$2:$L13),'Per Line'!$AD$2:$AD$2501,0),"") | M13: =IF($L13="","",INDEX('Per Line'!$E$2:$E$2501,$L13))
... A701: =IF($L701="","",INDEX('Per Line'!$C$2:$C$2501,$L701)) | B701: =IF($L701="","",INDEX('Per Line'!$D$2:$D$2501,$L701)) | C701: =IF($L701="","",INDEX('Per Line'!$A$2:$A$2501,$L701)) | F701: =IF($L701="","",INDEX('Per Line'!$U$2:$U$2501,$L701)) | G701: =IF($L701="","",SUMIFS('Per Line'!$W$2:$W$2501,'Per Line'!$D$2:$D$2501,$B701)) | H701: =IF($L701="","",SUMIFS('Per Line'!$X$2:$X$2501,'Per Line'!$D$2:$D$2501,$B701)) | I701: =IF($L701="","",SUMIFS('Per Line'!$Y$2:$Y$2501,'Per Line'!$D$2:$D$2501,$B701)) | J701: =IF($L701="","",G701-H701) | K701: =IF($L701="","",J701-I701) | L701: =IF(ROWS($L$2:$L701)<=MAX('Per Line'!$AD$2:$AD$2501),MATCH(ROWS($L$2:$L701),'Per Line'!$AD$2:$AD$2501,0),"") | M701: =IF($L701="","",INDEX('Per Line'!$E$2:$E$2501,$L701))
