Workbook

Sheet How To Use
B1: METLIFE - WALK IN TEMPLATE
B3: Colours: blue header = pasted or typed by you, green header = formula (do not paste over it), grey header = helper, yellow = editable setting.
B5: 1. In 'Per Line', paste the lines of the sheet from row 2 into the blue columns: A-R, V-W, Y-Z.
B6: Do NOT paste over the green formula columns: S-U, X (they calculate Discount, Co val, Subtotal and Net from the Total Approved, Rebates % and Copay % you pasted).
B7: Paste the columns in the same order as the source sheet. Rebates % and Copay % come from the sheet, so there are no rates to set. If a Rebates % is typed as a fraction below 1 (for example 0.12), the template reads it as a percent (12).
B8: 2. 'Per Invoice' fills itself: one row per So, in the order the orders first appear in 'Per Line'. Type Invoice in the blue columns.
B9: 3. Segments (Above / Below) are decided by the Lot number. The Lot to segment table is in 'Settings' (yellow cells): add any new Lot there.
B10: The tabs 'Per Invoice Above' and 'Per Invoice Below' fill themselves from 'Per Invoice', and 'Summary' shows the count and totals per segment.
B11: 4. Open 'Settings': STATUS must say OK. If it says CHECK, a total in 'Per Line' differs from 'Per Invoice', there are more orders than the template has room for, or a Lot is missing from the segment table.
B13: To start a new month: clear the blue cells in 'Per Line' (row 2 down) and the blue cells in 'Per Invoice', then paste again.

Sheet Settings
B1: METLIFE - WALK IN - SETTINGS
B3: Insurance company | C3: Metlife | D3: Rebates % and Copay % are typed on every line of the export, so there are no rates to set here.
B4: Type | C4: Walk In
B5: Month (as in the source sheet) | C5: August 2026
B9: Reconciliation (Per Line vs Per Invoice)
B10: Lines loaded | C10: =COUNTA('Per Line'!$A$2:$A$401)
B11: Invoices (unique So) | C11: =MAX('Per Line'!$AA$2:$AA$401)
B12: Invoices shown in Per Invoice | C12: =COUNTIF('Per Invoice'!$B$2:$B$151,"?*")+COUNT('Per Invoice'!$B$2:$B$151)
B13: Total Approved - Per Line | C13: =SUM('Per Line'!$R$2:$R$401)
B14: Total Approved - Per Invoice | C14: =SUM('Per Invoice'!$F$2:$F$151)
B15: Discount - Per Line | C15: =SUM('Per Line'!$S$2:$S$401)
B16: Discount - Per Invoice | C16: =SUM('Per Invoice'!$G$2:$G$151)
B17: Co val - Per Line | C17: =SUM('Per Line'!$T$2:$T$401)
B18: Co val - Per Invoice | C18: =SUM('Per Invoice'!$H$2:$H$151)
B19: Net - Per Line | C19: =SUM('Per Line'!$X$2:$X$401)
B20: Net - Per Invoice | C20: =SUM('Per Invoice'!$J$2:$J$151)
B21: Orders that do not fit in Per Invoice (must be 0) | C21: =MAX(0,C11-150)
B22: Orders whose Lot is not in the segment table below (must be 0) | C22: =COUNTIF('Per Invoice'!$K$2:$K$151,"Unassigned")
B23: STATUS | C23: =IF(C10=0,"No data loaded",IF(AND(C21=0,C12=C11,ABS(C13-C14)<0.01,ABS(C15-C16)<0.01,ABS(C17-C18)<0.01,ABS(C19-C20)<0.01,C22=0),"OK","CHECK")) | D23: Per Line has room for 400 lines and Per Invoice for 150 invoices.
B25: Segment table: which Lot belongs to which segment
B26: Lot number | C26: Segment | D26: Add a new Lot here when it appears in Per Line. Segment must be spelled exactly: Above / Below
B27: 26158332 | C27: Above
B28: 26151589 | C28: Above
B29: 26158331 | C29: Above
B30: 26158333 | C30: Below

Sheet Summary
A1: Segment | B1: Count of So | C1: Sum of Total Approved | D1: Sum of dis | E1: Sum of Paid Amount | F1: Sum of Subtotal | G1: Sum of Net Amt
A2: Above | B2: =COUNTIF('Per Invoice'!$K$2:$K$151,A2) | C2: =SUMIFS('Per Invoice'!$F$2:$F$151,'Per Invoice'!$K$2:$K$151,$A2) | D2: =SUMIFS('Per Invoice'!$G$2:$G$151,'Per Invoice'!$K$2:$K$151,$A2) | E2: =SUMIFS('Per Invoice'!$H$2:$H$151,'Per Invoice'!$K$2:$K$151,$A2) | F2: =SUMIFS('Per Invoice'!$I$2:$I$151,'Per Invoice'!$K$2:$K$151,$A2) | G2: =SUMIFS('Per Invoice'!$J$2:$J$151,'Per Invoice'!$K$2:$K$151,$A2)
A3: Below | B3: =COUNTIF('Per Invoice'!$K$2:$K$151,A3) | C3: =SUMIFS('Per Invoice'!$F$2:$F$151,'Per Invoice'!$K$2:$K$151,$A3) | D3: =SUMIFS('Per Invoice'!$G$2:$G$151,'Per Invoice'!$K$2:$K$151,$A3) | E3: =SUMIFS('Per Invoice'!$H$2:$H$151,'Per Invoice'!$K$2:$K$151,$A3) | F3: =SUMIFS('Per Invoice'!$I$2:$I$151,'Per Invoice'!$K$2:$K$151,$A3) | G3: =SUMIFS('Per Invoice'!$J$2:$J$151,'Per Invoice'!$K$2:$K$151,$A3)
A4: Other / Unassigned | B4: =B5-SUM(B2:B3) | C4: =C5-SUM(C2:C3) | D4: =D5-SUM(D2:D3) | E4: =E5-SUM(E2:E3) | F4: =F5-SUM(F2:F3) | G4: =G5-SUM(G2:G3)
A5: Grand Total | B5: =COUNTIF('Per Invoice'!$B$2:$B$151,"?*") | C5: =SUM('Per Invoice'!$F$2:$F$151) | D5: =SUM('Per Invoice'!$G$2:$G$151) | E5: =SUM('Per Invoice'!$H$2:$H$151) | F5: =SUM('Per Invoice'!$I$2:$I$151) | G5: =SUM('Per Invoice'!$J$2:$J$151)

Sheet Per Line
A1: So | B1: Lot | C1: SSNBR | D1: Dependent code | E1: Individual Number | F1: Provider code | G1: Provider Name | H1: real Provider Code | I1: real Provider Name | J1: DIAG 1(ICD9) | K1: HZB | L1: Item code | M1: Globemed Item Code | N1: Item description | O1: Unit Type Dispensed | P1: Svc Date | Q1: Qty Approved | R1: Total Approved | S1: dis | T1: Paid Amount | U1: Subtotal | V1: Co% | W1: Rebates | X1: Net Amt | Y1: Group No. | Z1: Certificate No. | AA1: Order Seq (helper)
S2: =IF(A2="","",R2*IF(AND(ISNUMBER(W2),W2>0,W2<1),W2*100,W2)/100) | T2: =IF(A2="","",V2*U2/100) | U2: =IF(A2="","",R2-S2) | X2: =IF(A2="","",U2-T2) | AA2: =IF(A2="","",N(AA1)+IF(MATCH(A2,$A$2:$A$401,0)=ROW()-1,1,0))
S3: =IF(A3="","",R3*IF(AND(ISNUMBER(W3),W3>0,W3<1),W3*100,W3)/100) | T3: =IF(A3="","",V3*U3/100) | U3: =IF(A3="","",R3-S3) | X3: =IF(A3="","",U3-T3) | AA3: =IF(A3="","",N(AA2)+IF(MATCH(A3,$A$2:$A$401,0)=ROW()-1,1,0))
S4: =IF(A4="","",R4*IF(AND(ISNUMBER(W4),W4>0,W4<1),W4*100,W4)/100) | T4: =IF(A4="","",V4*U4/100) | U4: =IF(A4="","",R4-S4) | X4: =IF(A4="","",U4-T4) | AA4: =IF(A4="","",N(AA3)+IF(MATCH(A4,$A$2:$A$401,0)=ROW()-1,1,0))
S5: =IF(A5="","",R5*IF(AND(ISNUMBER(W5),W5>0,W5<1),W5*100,W5)/100) | T5: =IF(A5="","",V5*U5/100) | U5: =IF(A5="","",R5-S5) | X5: =IF(A5="","",U5-T5) | AA5: =IF(A5="","",N(AA4)+IF(MATCH(A5,$A$2:$A$401,0)=ROW()-1,1,0))
S6: =IF(A6="","",R6*IF(AND(ISNUMBER(W6),W6>0,W6<1),W6*100,W6)/100) | T6: =IF(A6="","",V6*U6/100) | U6: =IF(A6="","",R6-S6) | X6: =IF(A6="","",U6-T6) | AA6: =IF(A6="","",N(AA5)+IF(MATCH(A6,$A$2:$A$401,0)=ROW()-1,1,0))
S7: =IF(A7="","",R7*IF(AND(ISNUMBER(W7),W7>0,W7<1),W7*100,W7)/100) | T7: =IF(A7="","",V7*U7/100) | U7: =IF(A7="","",R7-S7) | X7: =IF(A7="","",U7-T7) | AA7: =IF(A7="","",N(AA6)+IF(MATCH(A7,$A$2:$A$401,0)=ROW()-1,1,0))
S8: =IF(A8="","",R8*IF(AND(ISNUMBER(W8),W8>0,W8<1),W8*100,W8)/100) | T8: =IF(A8="","",V8*U8/100) | U8: =IF(A8="","",R8-S8) | X8: =IF(A8="","",U8-T8) | AA8: =IF(A8="","",N(AA7)+IF(MATCH(A8,$A$2:$A$401,0)=ROW()-1,1,0))
S9: =IF(A9="","",R9*IF(AND(ISNUMBER(W9),W9>0,W9<1),W9*100,W9)/100) | T9: =IF(A9="","",V9*U9/100) | U9: =IF(A9="","",R9-S9) | X9: =IF(A9="","",U9-T9) | AA9: =IF(A9="","",N(AA8)+IF(MATCH(A9,$A$2:$A$401,0)=ROW()-1,1,0))
S10: =IF(A10="","",R10*IF(AND(ISNUMBER(W10),W10>0,W10<1),W10*100,W10)/100) | T10: =IF(A10="","",V10*U10/100) | U10: =IF(A10="","",R10-S10) | X10: =IF(A10="","",U10-T10) | AA10: =IF(A10="","",N(AA9)+IF(MATCH(A10,$A$2:$A$401,0)=ROW()-1,1,0))
S11: =IF(A11="","",R11*IF(AND(ISNUMBER(W11),W11>0,W11<1),W11*100,W11)/100) | T11: =IF(A11="","",V11*U11/100) | U11: =IF(A11="","",R11-S11) | X11: =IF(A11="","",U11-T11) | AA11: =IF(A11="","",N(AA10)+IF(MATCH(A11,$A$2:$A$401,0)=ROW()-1,1,0))
S12: =IF(A12="","",R12*IF(AND(ISNUMBER(W12),W12>0,W12<1),W12*100,W12)/100) | T12: =IF(A12="","",V12*U12/100) | U12: =IF(A12="","",R12-S12) | X12: =IF(A12="","",U12-T12) | AA12: =IF(A12="","",N(AA11)+IF(MATCH(A12,$A$2:$A$401,0)=ROW()-1,1,0))
S13: =IF(A13="","",R13*IF(AND(ISNUMBER(W13),W13>0,W13<1),W13*100,W13)/100) | T13: =IF(A13="","",V13*U13/100) | U13: =IF(A13="","",R13-S13) | X13: =IF(A13="","",U13-T13) | AA13: =IF(A13="","",N(AA12)+IF(MATCH(A13,$A$2:$A$401,0)=ROW()-1,1,0))
... S401: =IF(A401="","",R401*IF(AND(ISNUMBER(W401),W401>0,W401<1),W401*100,W401)/100) | T401: =IF(A401="","",V401*U401/100) | U401: =IF(A401="","",R401-S401) | X401: =IF(A401="","",U401-T401) | AA401: =IF(A401="","",N(AA400)+IF(MATCH(A401,$A$2:$A$401,0)=ROW()-1,1,0))

Sheet Per Invoice
A1: Invoice | B1: So | C1: Lot | D1: SSNBR | E1: Svc Date | F1: Sum of Total Approved | G1: Sum of dis | H1: Sum of Paid Amount | I1: Sum of Subtotal | J1: Sum of Net Amt | K1: Seg | L1: Src Row (helper) | M1: Above Seq (helper) | N1: Below Seq (helper)
B2: =IF($L2="","",INDEX('Per Line'!$A$2:$A$401,$L2)) | C2: =IF($L2="","",INDEX('Per Line'!$B$2:$B$401,$L2)) | D2: =IF($L2="","",INDEX('Per Line'!$C$2:$C$401,$L2)) | E2: =IF($L2="","",INDEX('Per Line'!$P$2:$P$401,$L2)) | F2: =IF($L2="","",SUMIFS('Per Line'!$R$2:$R$401,'Per Line'!$A$2:$A$401,$B2)) | G2: =IF($L2="","",SUMIFS('Per Line'!$S$2:$S$401,'Per Line'!$A$2:$A$401,$B2)) | H2: =IF($L2="","",SUMIFS('Per Line'!$T$2:$T$401,'Per Line'!$A$2:$A$401,$B2)) | I2: =IF($L2="","",F2-G2) | J2: =IF($L2="","",I2-H2) | K2: =IF($L2="","",IFERROR(INDEX(Settings!$C$27:$C$36,MATCH(C2,Settings!$B$27:$B$36,0)),"Unassigned")) | L2: =IF(ROWS($L$2:$L2)<=MAX('Per Line'!$AA$2:$AA$401),MATCH(ROWS($L$2:$L2),'Per Line'!$AA$2:$AA$401,0),"") | M2: =IF(K2="Above",COUNTIF($K$2:K2,"Above"),"") | N2: =IF(K2="Below",COUNTIF($K$2:K2,"Below"),"")
B3: =IF($L3="","",INDEX('Per Line'!$A$2:$A$401,$L3)) | C3: =IF($L3="","",INDEX('Per Line'!$B$2:$B$401,$L3)) | D3: =IF($L3="","",INDEX('Per Line'!$C$2:$C$401,$L3)) | E3: =IF($L3="","",INDEX('Per Line'!$P$2:$P$401,$L3)) | F3: =IF($L3="","",SUMIFS('Per Line'!$R$2:$R$401,'Per Line'!$A$2:$A$401,$B3)) | G3: =IF($L3="","",SUMIFS('Per Line'!$S$2:$S$401,'Per Line'!$A$2:$A$401,$B3)) | H3: =IF($L3="","",SUMIFS('Per Line'!$T$2:$T$401,'Per Line'!$A$2:$A$401,$B3)) | I3: =IF($L3="","",F3-G3) | J3: =IF($L3="","",I3-H3) | K3: =IF($L3="","",IFERROR(INDEX(Settings!$C$27:$C$36,MATCH(C3,Settings!$B$27:$B$36,0)),"Unassigned")) | L3: =IF(ROWS($L$2:$L3)<=MAX('Per Line'!$AA$2:$AA$401),MATCH(ROWS($L$2:$L3),'Per Line'!$AA$2:$AA$401,0),"") | M3: =IF(K3="Above",COUNTIF($K$2:K3,"Above"),"") | N3: =IF(K3="Below",COUNTIF($K$2:K3,"Below"),"")
B4: =IF($L4="","",INDEX('Per Line'!$A$2:$A$401,$L4)) | C4: =IF($L4="","",INDEX('Per Line'!$B$2:$B$401,$L4)) | D4: =IF($L4="","",INDEX('Per Line'!$C$2:$C$401,$L4)) | E4: =IF($L4="","",INDEX('Per Line'!$P$2:$P$401,$L4)) | F4: =IF($L4="","",SUMIFS('Per Line'!$R$2:$R$401,'Per Line'!$A$2:$A$401,$B4)) | G4: =IF($L4="","",SUMIFS('Per Line'!$S$2:$S$401,'Per Line'!$A$2:$A$401,$B4)) | H4: =IF($L4="","",SUMIFS('Per Line'!$T$2:$T$401,'Per Line'!$A$2:$A$401,$B4)) | I4: =IF($L4="","",F4-G4) | J4: =IF($L4="","",I4-H4) | K4: =IF($L4="","",IFERROR(INDEX(Settings!$C$27:$C$36,MATCH(C4,Settings!$B$27:$B$36,0)),"Unassigned")) | L4: =IF(ROWS($L$2:$L4)<=MAX('Per Line'!$AA$2:$AA$401),MATCH(ROWS($L$2:$L4),'Per Line'!$AA$2:$AA$401,0),"") | M4: =IF(K4="Above",COUNTIF($K$2:K4,"Above"),"") | N4: =IF(K4="Below",COUNTIF($K$2:K4,"Below"),"")
B5: =IF($L5="","",INDEX('Per Line'!$A$2:$A$401,$L5)) | C5: =IF($L5="","",INDEX('Per Line'!$B$2:$B$401,$L5)) | D5: =IF($L5="","",INDEX('Per Line'!$C$2:$C$401,$L5)) | E5: =IF($L5="","",INDEX('Per Line'!$P$2:$P$401,$L5)) | F5: =IF($L5="","",SUMIFS('Per Line'!$R$2:$R$401,'Per Line'!$A$2:$A$401,$B5)) | G5: =IF($L5="","",SUMIFS('Per Line'!$S$2:$S$401,'Per Line'!$A$2:$A$401,$B5)) | H5: =IF($L5="","",SUMIFS('Per Line'!$T$2:$T$401,'Per Line'!$A$2:$A$401,$B5)) | I5: =IF($L5="","",F5-G5) | J5: =IF($L5="","",I5-H5) | K5: =IF($L5="","",IFERROR(INDEX(Settings!$C$27:$C$36,MATCH(C5,Settings!$B$27:$B$36,0)),"Unassigned")) | L5: =IF(ROWS($L$2:$L5)<=MAX('Per Line'!$AA$2:$AA$401),MATCH(ROWS($L$2:$L5),'Per Line'!$AA$2:$AA$401,0),"") | M5: =IF(K5="Above",COUNTIF($K$2:K5,"Above"),"") | N5: =IF(K5="Below",COUNTIF($K$2:K5,"Below"),"")
B6: =IF($L6="","",INDEX('Per Line'!$A$2:$A$401,$L6)) | C6: =IF($L6="","",INDEX('Per Line'!$B$2:$B$401,$L6)) | D6: =IF($L6="","",INDEX('Per Line'!$C$2:$C$401,$L6)) | E6: =IF($L6="","",INDEX('Per Line'!$P$2:$P$401,$L6)) | F6: =IF($L6="","",SUMIFS('Per Line'!$R$2:$R$401,'Per Line'!$A$2:$A$401,$B6)) | G6: =IF($L6="","",SUMIFS('Per Line'!$S$2:$S$401,'Per Line'!$A$2:$A$401,$B6)) | H6: =IF($L6="","",SUMIFS('Per Line'!$T$2:$T$401,'Per Line'!$A$2:$A$401,$B6)) | I6: =IF($L6="","",F6-G6) | J6: =IF($L6="","",I6-H6) | K6: =IF($L6="","",IFERROR(INDEX(Settings!$C$27:$C$36,MATCH(C6,Settings!$B$27:$B$36,0)),"Unassigned")) | L6: =IF(ROWS($L$2:$L6)<=MAX('Per Line'!$AA$2:$AA$401),MATCH(ROWS($L$2:$L6),'Per Line'!$AA$2:$AA$401,0),"") | M6: =IF(K6="Above",COUNTIF($K$2:K6,"Above"),"") | N6: =IF(K6="Below",COUNTIF($K$2:K6,"Below"),"")
B7: =IF($L7="","",INDEX('Per Line'!$A$2:$A$401,$L7)) | C7: =IF($L7="","",INDEX('Per Line'!$B$2:$B$401,$L7)) | D7: =IF($L7="","",INDEX('Per Line'!$C$2:$C$401,$L7)) | E7: =IF($L7="","",INDEX('Per Line'!$P$2:$P$401,$L7)) | F7: =IF($L7="","",SUMIFS('Per Line'!$R$2:$R$401,'Per Line'!$A$2:$A$401,$B7)) | G7: =IF($L7="","",SUMIFS('Per Line'!$S$2:$S$401,'Per Line'!$A$2:$A$401,$B7)) | H7: =IF($L7="","",SUMIFS('Per Line'!$T$2:$T$401,'Per Line'!$A$2:$A$401,$B7)) | I7: =IF($L7="","",F7-G7) | J7: =IF($L7="","",I7-H7) | K7: =IF($L7="","",IFERROR(INDEX(Settings!$C$27:$C$36,MATCH(C7,Settings!$B$27:$B$36,0)),"Unassigned")) | L7: =IF(ROWS($L$2:$L7)<=MAX('Per Line'!$AA$2:$AA$401),MATCH(ROWS($L$2:$L7),'Per Line'!$AA$2:$AA$401,0),"") | M7: =IF(K7="Above",COUNTIF($K$2:K7,"Above"),"") | N7: =IF(K7="Below",COUNTIF($K$2:K7,"Below"),"")
B8: =IF($L8="","",INDEX('Per Line'!$A$2:$A$401,$L8)) | C8: =IF($L8="","",INDEX('Per Line'!$B$2:$B$401,$L8)) | D8: =IF($L8="","",INDEX('Per Line'!$C$2:$C$401,$L8)) | E8: =IF($L8="","",INDEX('Per Line'!$P$2:$P$401,$L8)) | F8: =IF($L8="","",SUMIFS('Per Line'!$R$2:$R$401,'Per Line'!$A$2:$A$401,$B8)) | G8: =IF($L8="","",SUMIFS('Per Line'!$S$2:$S$401,'Per Line'!$A$2:$A$401,$B8)) | H8: =IF($L8="","",SUMIFS('Per Line'!$T$2:$T$401,'Per Line'!$A$2:$A$401,$B8)) | I8: =IF($L8="","",F8-G8) | J8: =IF($L8="","",I8-H8) | K8: =IF($L8="","",IFERROR(INDEX(Settings!$C$27:$C$36,MATCH(C8,Settings!$B$27:$B$36,0)),"Unassigned")) | L8: =IF(ROWS($L$2:$L8)<=MAX('Per Line'!$AA$2:$AA$401),MATCH(ROWS($L$2:$L8),'Per Line'!$AA$2:$AA$401,0),"") | M8: =IF(K8="Above",COUNTIF($K$2:K8,"Above"),"") | N8: =IF(K8="Below",COUNTIF($K$2:K8,"Below"),"")
B9: =IF($L9="","",INDEX('Per Line'!$A$2:$A$401,$L9)) | C9: =IF($L9="","",INDEX('Per Line'!$B$2:$B$401,$L9)) | D9: =IF($L9="","",INDEX('Per Line'!$C$2:$C$401,$L9)) | E9: =IF($L9="","",INDEX('Per Line'!$P$2:$P$401,$L9)) | F9: =IF($L9="","",SUMIFS('Per Line'!$R$2:$R$401,'Per Line'!$A$2:$A$401,$B9)) | G9: =IF($L9="","",SUMIFS('Per Line'!$S$2:$S$401,'Per Line'!$A$2:$A$401,$B9)) | H9: =IF($L9="","",SUMIFS('Per Line'!$T$2:$T$401,'Per Line'!$A$2:$A$401,$B9)) | I9: =IF($L9="","",F9-G9) | J9: =IF($L9="","",I9-H9) | K9: =IF($L9="","",IFERROR(INDEX(Settings!$C$27:$C$36,MATCH(C9,Settings!$B$27:$B$36,0)),"Unassigned")) | L9: =IF(ROWS($L$2:$L9)<=MAX('Per Line'!$AA$2:$AA$401),MATCH(ROWS($L$2:$L9),'Per Line'!$AA$2:$AA$401,0),"") | M9: =IF(K9="Above",COUNTIF($K$2:K9,"Above"),"") | N9: =IF(K9="Below",COUNTIF($K$2:K9,"Below"),"")
B10: =IF($L10="","",INDEX('Per Line'!$A$2:$A$401,$L10)) | C10: =IF($L10="","",INDEX('Per Line'!$B$2:$B$401,$L10)) | D10: =IF($L10="","",INDEX('Per Line'!$C$2:$C$401,$L10)) | E10: =IF($L10="","",INDEX('Per Line'!$P$2:$P$401,$L10)) | F10: =IF($L10="","",SUMIFS('Per Line'!$R$2:$R$401,'Per Line'!$A$2:$A$401,$B10)) | G10: =IF($L10="","",SUMIFS('Per Line'!$S$2:$S$401,'Per Line'!$A$2:$A$401,$B10)) | H10: =IF($L10="","",SUMIFS('Per Line'!$T$2:$T$401,'Per Line'!$A$2:$A$401,$B10)) | I10: =IF($L10="","",F10-G10) | J10: =IF($L10="","",I10-H10) | K10: =IF($L10="","",IFERROR(INDEX(Settings!$C$27:$C$36,MATCH(C10,Settings!$B$27:$B$36,0)),"Unassigned")) | L10: =IF(ROWS($L$2:$L10)<=MAX('Per Line'!$AA$2:$AA$401),MATCH(ROWS($L$2:$L10),'Per Line'!$AA$2:$AA$401,0),"") | M10: =IF(K10="Above",COUNTIF($K$2:K10,"Above"),"") | N10: =IF(K10="Below",COUNTIF($K$2:K10,"Below"),"")
B11: =IF($L11="","",INDEX('Per Line'!$A$2:$A$401,$L11)) | C11: =IF($L11="","",INDEX('Per Line'!$B$2:$B$401,$L11)) | D11: =IF($L11="","",INDEX('Per Line'!$C$2:$C$401,$L11)) | E11: =IF($L11="","",INDEX('Per Line'!$P$2:$P$401,$L11)) | F11: =IF($L11="","",SUMIFS('Per Line'!$R$2:$R$401,'Per Line'!$A$2:$A$401,$B11)) | G11: =IF($L11="","",SUMIFS('Per Line'!$S$2:$S$401,'Per Line'!$A$2:$A$401,$B11)) | H11: =IF($L11="","",SUMIFS('Per Line'!$T$2:$T$401,'Per Line'!$A$2:$A$401,$B11)) | I11: =IF($L11="","",F11-G11) | J11: =IF($L11="","",I11-H11) | K11: =IF($L11="","",IFERROR(INDEX(Settings!$C$27:$C$36,MATCH(C11,Settings!$B$27:$B$36,0)),"Unassigned")) | L11: =IF(ROWS($L$2:$L11)<=MAX('Per Line'!$AA$2:$AA$401),MATCH(ROWS($L$2:$L11),'Per Line'!$AA$2:$AA$401,0),"") | M11: =IF(K11="Above",COUNTIF($K$2:K11,"Above"),"") | N11: =IF(K11="Below",COUNTIF($K$2:K11,"Below"),"")
B12: =IF($L12="","",INDEX('Per Line'!$A$2:$A$401,$L12)) | C12: =IF($L12="","",INDEX('Per Line'!$B$2:$B$401,$L12)) | D12: =IF($L12="","",INDEX('Per Line'!$C$2:$C$401,$L12)) | E12: =IF($L12="","",INDEX('Per Line'!$P$2:$P$401,$L12)) | F12: =IF($L12="","",SUMIFS('Per Line'!$R$2:$R$401,'Per Line'!$A$2:$A$401,$B12)) | G12: =IF($L12="","",SUMIFS('Per Line'!$S$2:$S$401,'Per Line'!$A$2:$A$401,$B12)) | H12: =IF($L12="","",SUMIFS('Per Line'!$T$2:$T$401,'Per Line'!$A$2:$A$401,$B12)) | I12: =IF($L12="","",F12-G12) | J12: =IF($L12="","",I12-H12) | K12: =IF($L12="","",IFERROR(INDEX(Settings!$C$27:$C$36,MATCH(C12,Settings!$B$27:$B$36,0)),"Unassigned")) | L12: =IF(ROWS($L$2:$L12)<=MAX('Per Line'!$AA$2:$AA$401),MATCH(ROWS($L$2:$L12),'Per Line'!$AA$2:$AA$401,0),"") | M12: =IF(K12="Above",COUNTIF($K$2:K12,"Above"),"") | N12: =IF(K12="Below",COUNTIF($K$2:K12,"Below"),"")
B13: =IF($L13="","",INDEX('Per Line'!$A$2:$A$401,$L13)) | C13: =IF($L13="","",INDEX('Per Line'!$B$2:$B$401,$L13)) | D13: =IF($L13="","",INDEX('Per Line'!$C$2:$C$401,$L13)) | E13: =IF($L13="","",INDEX('Per Line'!$P$2:$P$401,$L13)) | F13: =IF($L13="","",SUMIFS('Per Line'!$R$2:$R$401,'Per Line'!$A$2:$A$401,$B13)) | G13: =IF($L13="","",SUMIFS('Per Line'!$S$2:$S$401,'Per Line'!$A$2:$A$401,$B13)) | H13: =IF($L13="","",SUMIFS('Per Line'!$T$2:$T$401,'Per Line'!$A$2:$A$401,$B13)) | I13: =IF($L13="","",F13-G13) | J13: =IF($L13="","",I13-H13) | K13: =IF($L13="","",IFERROR(INDEX(Settings!$C$27:$C$36,MATCH(C13,Settings!$B$27:$B$36,0)),"Unassigned")) | L13: =IF(ROWS($L$2:$L13)<=MAX('Per Line'!$AA$2:$AA$401),MATCH(ROWS($L$2:$L13),'Per Line'!$AA$2:$AA$401,0),"") | M13: =IF(K13="Above",COUNTIF($K$2:K13,"Above"),"") | N13: =IF(K13="Below",COUNTIF($K$2:K13,"Below"),"")
... B151: =IF($L151="","",INDEX('Per Line'!$A$2:$A$401,$L151)) | C151: =IF($L151="","",INDEX('Per Line'!$B$2:$B$401,$L151)) | D151: =IF($L151="","",INDEX('Per Line'!$C$2:$C$401,$L151)) | E151: =IF($L151="","",INDEX('Per Line'!$P$2:$P$401,$L151)) | F151: =IF($L151="","",SUMIFS('Per Line'!$R$2:$R$401,'Per Line'!$A$2:$A$401,$B151)) | G151: =IF($L151="","",SUMIFS('Per Line'!$S$2:$S$401,'Per Line'!$A$2:$A$401,$B151)) | H151: =IF($L151="","",SUMIFS('Per Line'!$T$2:$T$401,'Per Line'!$A$2:$A$401,$B151)) | I151: =IF($L151="","",F151-G151) | J151: =IF($L151="","",I151-H151) | K151: =IF($L151="","",IFERROR(INDEX(Settings!$C$27:$C$36,MATCH(C151,Settings!$B$27:$B$36,0)),"Unassigned")) | L151: =IF(ROWS($L$2:$L151)<=MAX('Per Line'!$AA$2:$AA$401),MATCH(ROWS($L$2:$L151),'Per Line'!$AA$2:$AA$401,0),"") | M151: =IF(K151="Above",COUNTIF($K$2:K151,"Above"),"") | N151: =IF(K151="Below",COUNTIF($K$2:K151,"Below"),"")

Sheet Per Invoice Above
A1: Invoice | B1: So | C1: Lot | D1: SSNBR | E1: Svc Date | F1: Sum of Total Approved | G1: Sum of dis | H1: Sum of Paid Amount | I1: Sum of Subtotal | J1: Sum of Net Amt | K1: Seg | L1: Per Invoice Row (helper)
A2: =IF($L2="","",IF(INDEX('Per Invoice'!$A$2:$A$151,$L2)="","",INDEX('Per Invoice'!$A$2:$A$151,$L2))) | B2: =IF($L2="","",IF(INDEX('Per Invoice'!$B$2:$B$151,$L2)="","",INDEX('Per Invoice'!$B$2:$B$151,$L2))) | C2: =IF($L2="","",IF(INDEX('Per Invoice'!$C$2:$C$151,$L2)="","",INDEX('Per Invoice'!$C$2:$C$151,$L2))) | D2: =IF($L2="","",IF(INDEX('Per Invoice'!$D$2:$D$151,$L2)="","",INDEX('Per Invoice'!$D$2:$D$151,$L2))) | E2: =IF($L2="","",IF(INDEX('Per Invoice'!$E$2:$E$151,$L2)="","",INDEX('Per Invoice'!$E$2:$E$151,$L2))) | F2: =IF($L2="","",IF(INDEX('Per Invoice'!$F$2:$F$151,$L2)="","",INDEX('Per Invoice'!$F$2:$F$151,$L2))) | G2: =IF($L2="","",IF(INDEX('Per Invoice'!$G$2:$G$151,$L2)="","",INDEX('Per Invoice'!$G$2:$G$151,$L2))) | H2: =IF($L2="","",IF(INDEX('Per Invoice'!$H$2:$H$151,$L2)="","",INDEX('Per Invoice'!$H$2:$H$151,$L2))) | I2: =IF($L2="","",IF(INDEX('Per Invoice'!$I$2:$I$151,$L2)="","",INDEX('Per Invoice'!$I$2:$I$151,$L2))) | J2: =IF($L2="","",IF(INDEX('Per Invoice'!$J$2:$J$151,$L2)="","",INDEX('Per Invoice'!$J$2:$J$151,$L2))) | K2: =IF($L2="","",IF(INDEX('Per Invoice'!$K$2:$K$151,$L2)="","",INDEX('Per Invoice'!$K$2:$K$151,$L2))) | L2: =IF(ROWS($L$2:$L2)<=COUNT('Per Invoice'!$M$2:$M$151),MATCH(ROWS($L$2:$L2),'Per Invoice'!$M$2:$M$151,0),"")
A3: =IF($L3="","",IF(INDEX('Per Invoice'!$A$2:$A$151,$L3)="","",INDEX('Per Invoice'!$A$2:$A$151,$L3))) | B3: =IF($L3="","",IF(INDEX('Per Invoice'!$B$2:$B$151,$L3)="","",INDEX('Per Invoice'!$B$2:$B$151,$L3))) | C3: =IF($L3="","",IF(INDEX('Per Invoice'!$C$2:$C$151,$L3)="","",INDEX('Per Invoice'!$C$2:$C$151,$L3))) | D3: =IF($L3="","",IF(INDEX('Per Invoice'!$D$2:$D$151,$L3)="","",INDEX('Per Invoice'!$D$2:$D$151,$L3))) | E3: =IF($L3="","",IF(INDEX('Per Invoice'!$E$2:$E$151,$L3)="","",INDEX('Per Invoice'!$E$2:$E$151,$L3))) | F3: =IF($L3="","",IF(INDEX('Per Invoice'!$F$2:$F$151,$L3)="","",INDEX('Per Invoice'!$F$2:$F$151,$L3))) | G3: =IF($L3="","",IF(INDEX('Per Invoice'!$G$2:$G$151,$L3)="","",INDEX('Per Invoice'!$G$2:$G$151,$L3))) | H3: =IF($L3="","",IF(INDEX('Per Invoice'!$H$2:$H$151,$L3)="","",INDEX('Per Invoice'!$H$2:$H$151,$L3))) | I3: =IF($L3="","",IF(INDEX('Per Invoice'!$I$2:$I$151,$L3)="","",INDEX('Per Invoice'!$I$2:$I$151,$L3))) | J3: =IF($L3="","",IF(INDEX('Per Invoice'!$J$2:$J$151,$L3)="","",INDEX('Per Invoice'!$J$2:$J$151,$L3))) | K3: =IF($L3="","",IF(INDEX('Per Invoice'!$K$2:$K$151,$L3)="","",INDEX('Per Invoice'!$K$2:$K$151,$L3))) | L3: =IF(ROWS($L$2:$L3)<=COUNT('Per Invoice'!$M$2:$M$151),MATCH(ROWS($L$2:$L3),'Per Invoice'!$M$2:$M$151,0),"")
A4: =IF($L4="","",IF(INDEX('Per Invoice'!$A$2:$A$151,$L4)="","",INDEX('Per Invoice'!$A$2:$A$151,$L4))) | B4: =IF($L4="","",IF(INDEX('Per Invoice'!$B$2:$B$151,$L4)="","",INDEX('Per Invoice'!$B$2:$B$151,$L4))) | C4: =IF($L4="","",IF(INDEX('Per Invoice'!$C$2:$C$151,$L4)="","",INDEX('Per Invoice'!$C$2:$C$151,$L4))) | D4: =IF($L4="","",IF(INDEX('Per Invoice'!$D$2:$D$151,$L4)="","",INDEX('Per Invoice'!$D$2:$D$151,$L4))) | E4: =IF($L4="","",IF(INDEX('Per Invoice'!$E$2:$E$151,$L4)="","",INDEX('Per Invoice'!$E$2:$E$151,$L4))) | F4: =IF($L4="","",IF(INDEX('Per Invoice'!$F$2:$F$151,$L4)="","",INDEX('Per Invoice'!$F$2:$F$151,$L4))) | G4: =IF($L4="","",IF(INDEX('Per Invoice'!$G$2:$G$151,$L4)="","",INDEX('Per Invoice'!$G$2:$G$151,$L4))) | H4: =IF($L4="","",IF(INDEX('Per Invoice'!$H$2:$H$151,$L4)="","",INDEX('Per Invoice'!$H$2:$H$151,$L4))) | I4: =IF($L4="","",IF(INDEX('Per Invoice'!$I$2:$I$151,$L4)="","",INDEX('Per Invoice'!$I$2:$I$151,$L4))) | J4: =IF($L4="","",IF(INDEX('Per Invoice'!$J$2:$J$151,$L4)="","",INDEX('Per Invoice'!$J$2:$J$151,$L4))) | K4: =IF($L4="","",IF(INDEX('Per Invoice'!$K$2:$K$151,$L4)="","",INDEX('Per Invoice'!$K$2:$K$151,$L4))) | L4: =IF(ROWS($L$2:$L4)<=COUNT('Per Invoice'!$M$2:$M$151),MATCH(ROWS($L$2:$L4),'Per Invoice'!$M$2:$M$151,0),"")
A5: =IF($L5="","",IF(INDEX('Per Invoice'!$A$2:$A$151,$L5)="","",INDEX('Per Invoice'!$A$2:$A$151,$L5))) | B5: =IF($L5="","",IF(INDEX('Per Invoice'!$B$2:$B$151,$L5)="","",INDEX('Per Invoice'!$B$2:$B$151,$L5))) | C5: =IF($L5="","",IF(INDEX('Per Invoice'!$C$2:$C$151,$L5)="","",INDEX('Per Invoice'!$C$2:$C$151,$L5))) | D5: =IF($L5="","",IF(INDEX('Per Invoice'!$D$2:$D$151,$L5)="","",INDEX('Per Invoice'!$D$2:$D$151,$L5))) | E5: =IF($L5="","",IF(INDEX('Per Invoice'!$E$2:$E$151,$L5)="","",INDEX('Per Invoice'!$E$2:$E$151,$L5))) | F5: =IF($L5="","",IF(INDEX('Per Invoice'!$F$2:$F$151,$L5)="","",INDEX('Per Invoice'!$F$2:$F$151,$L5))) | G5: =IF($L5="","",IF(INDEX('Per Invoice'!$G$2:$G$151,$L5)="","",INDEX('Per Invoice'!$G$2:$G$151,$L5))) | H5: =IF($L5="","",IF(INDEX('Per Invoice'!$H$2:$H$151,$L5)="","",INDEX('Per Invoice'!$H$2:$H$151,$L5))) | I5: =IF($L5="","",IF(INDEX('Per Invoice'!$I$2:$I$151,$L5)="","",INDEX('Per Invoice'!$I$2:$I$151,$L5))) | J5: =IF($L5="","",IF(INDEX('Per Invoice'!$J$2:$J$151,$L5)="","",INDEX('Per Invoice'!$J$2:$J$151,$L5))) | K5: =IF($L5="","",IF(INDEX('Per Invoice'!$K$2:$K$151,$L5)="","",INDEX('Per Invoice'!$K$2:$K$151,$L5))) | L5: =IF(ROWS($L$2:$L5)<=COUNT('Per Invoice'!$M$2:$M$151),MATCH(ROWS($L$2:$L5),'Per Invoice'!$M$2:$M$151,0),"")
A6: =IF($L6="","",IF(INDEX('Per Invoice'!$A$2:$A$151,$L6)="","",INDEX('Per Invoice'!$A$2:$A$151,$L6))) | B6: =IF($L6="","",IF(INDEX('Per Invoice'!$B$2:$B$151,$L6)="","",INDEX('Per Invoice'!$B$2:$B$151,$L6))) | C6: =IF($L6="","",IF(INDEX('Per Invoice'!$C$2:$C$151,$L6)="","",INDEX('Per Invoice'!$C$2:$C$151,$L6))) | D6: =IF($L6="","",IF(INDEX('Per Invoice'!$D$2:$D$151,$L6)="","",INDEX('Per Invoice'!$D$2:$D$151,$L6))) | E6: =IF($L6="","",IF(INDEX('Per Invoice'!$E$2:$E$151,$L6)="","",INDEX('Per Invoice'!$E$2:$E$151,$L6))) | F6: =IF($L6="","",IF(INDEX('Per Invoice'!$F$2:$F$151,$L6)="","",INDEX('Per Invoice'!$F$2:$F$151,$L6))) | G6: =IF($L6="","",IF(INDEX('Per Invoice'!$G$2:$G$151,$L6)="","",INDEX('Per Invoice'!$G$2:$G$151,$L6))) | H6: =IF($L6="","",IF(INDEX('Per Invoice'!$H$2:$H$151,$L6)="","",INDEX('Per Invoice'!$H$2:$H$151,$L6))) | I6: =IF($L6="","",IF(INDEX('Per Invoice'!$I$2:$I$151,$L6)="","",INDEX('Per Invoice'!$I$2:$I$151,$L6))) | J6: =IF($L6="","",IF(INDEX('Per Invoice'!$J$2:$J$151,$L6)="","",INDEX('Per Invoice'!$J$2:$J$151,$L6))) | K6: =IF($L6="","",IF(INDEX('Per Invoice'!$K$2:$K$151,$L6)="","",INDEX('Per Invoice'!$K$2:$K$151,$L6))) | L6: =IF(ROWS($L$2:$L6)<=COUNT('Per Invoice'!$M$2:$M$151),MATCH(ROWS($L$2:$L6),'Per Invoice'!$M$2:$M$151,0),"")
A7: =IF($L7="","",IF(INDEX('Per Invoice'!$A$2:$A$151,$L7)="","",INDEX('Per Invoice'!$A$2:$A$151,$L7))) | B7: =IF($L7="","",IF(INDEX('Per Invoice'!$B$2:$B$151,$L7)="","",INDEX('Per Invoice'!$B$2:$B$151,$L7))) | C7: =IF($L7="","",IF(INDEX('Per Invoice'!$C$2:$C$151,$L7)="","",INDEX('Per Invoice'!$C$2:$C$151,$L7))) | D7: =IF($L7="","",IF(INDEX('Per Invoice'!$D$2:$D$151,$L7)="","",INDEX('Per Invoice'!$D$2:$D$151,$L7))) | E7: =IF($L7="","",IF(INDEX('Per Invoice'!$E$2:$E$151,$L7)="","",INDEX('Per Invoice'!$E$2:$E$151,$L7))) | F7: =IF($L7="","",IF(INDEX('Per Invoice'!$F$2:$F$151,$L7)="","",INDEX('Per Invoice'!$F$2:$F$151,$L7))) | G7: =IF($L7="","",IF(INDEX('Per Invoice'!$G$2:$G$151,$L7)="","",INDEX('Per Invoice'!$G$2:$G$151,$L7))) | H7: =IF($L7="","",IF(INDEX('Per Invoice'!$H$2:$H$151,$L7)="","",INDEX('Per Invoice'!$H$2:$H$151,$L7))) | I7: =IF($L7="","",IF(INDEX('Per Invoice'!$I$2:$I$151,$L7)="","",INDEX('Per Invoice'!$I$2:$I$151,$L7))) | J7: =IF($L7="","",IF(INDEX('Per Invoice'!$J$2:$J$151,$L7)="","",INDEX('Per Invoice'!$J$2:$J$151,$L7))) | K7: =IF($L7="","",IF(INDEX('Per Invoice'!$K$2:$K$151,$L7)="","",INDEX('Per Invoice'!$K$2:$K$151,$L7))) | L7: =IF(ROWS($L$2:$L7)<=COUNT('Per Invoice'!$M$2:$M$151),MATCH(ROWS($L$2:$L7),'Per Invoice'!$M$2:$M$151,0),"")
A8: =IF($L8="","",IF(INDEX('Per Invoice'!$A$2:$A$151,$L8)="","",INDEX('Per Invoice'!$A$2:$A$151,$L8))) | B8: =IF($L8="","",IF(INDEX('Per Invoice'!$B$2:$B$151,$L8)="","",INDEX('Per Invoice'!$B$2:$B$151,$L8))) | C8: =IF($L8="","",IF(INDEX('Per Invoice'!$C$2:$C$151,$L8)="","",INDEX('Per Invoice'!$C$2:$C$151,$L8))) | D8: =IF($L8="","",IF(INDEX('Per Invoice'!$D$2:$D$151,$L8)="","",INDEX('Per Invoice'!$D$2:$D$151,$L8))) | E8: =IF($L8="","",IF(INDEX('Per Invoice'!$E$2:$E$151,$L8)="","",INDEX('Per Invoice'!$E$2:$E$151,$L8))) | F8: =IF($L8="","",IF(INDEX('Per Invoice'!$F$2:$F$151,$L8)="","",INDEX('Per Invoice'!$F$2:$F$151,$L8))) | G8: =IF($L8="","",IF(INDEX('Per Invoice'!$G$2:$G$151,$L8)="","",INDEX('Per Invoice'!$G$2:$G$151,$L8))) | H8: =IF($L8="","",IF(INDEX('Per Invoice'!$H$2:$H$151,$L8)="","",INDEX('Per Invoice'!$H$2:$H$151,$L8))) | I8: =IF($L8="","",IF(INDEX('Per Invoice'!$I$2:$I$151,$L8)="","",INDEX('Per Invoice'!$I$2:$I$151,$L8))) | J8: =IF($L8="","",IF(INDEX('Per Invoice'!$J$2:$J$151,$L8)="","",INDEX('Per Invoice'!$J$2:$J$151,$L8))) | K8: =IF($L8="","",IF(INDEX('Per Invoice'!$K$2:$K$151,$L8)="","",INDEX('Per Invoice'!$K$2:$K$151,$L8))) | L8: =IF(ROWS($L$2:$L8)<=COUNT('Per Invoice'!$M$2:$M$151),MATCH(ROWS($L$2:$L8),'Per Invoice'!$M$2:$M$151,0),"")
A9: =IF($L9="","",IF(INDEX('Per Invoice'!$A$2:$A$151,$L9)="","",INDEX('Per Invoice'!$A$2:$A$151,$L9))) | B9: =IF($L9="","",IF(INDEX('Per Invoice'!$B$2:$B$151,$L9)="","",INDEX('Per Invoice'!$B$2:$B$151,$L9))) | C9: =IF($L9="","",IF(INDEX('Per Invoice'!$C$2:$C$151,$L9)="","",INDEX('Per Invoice'!$C$2:$C$151,$L9))) | D9: =IF($L9="","",IF(INDEX('Per Invoice'!$D$2:$D$151,$L9)="","",INDEX('Per Invoice'!$D$2:$D$151,$L9))) | E9: =IF($L9="","",IF(INDEX('Per Invoice'!$E$2:$E$151,$L9)="","",INDEX('Per Invoice'!$E$2:$E$151,$L9))) | F9: =IF($L9="","",IF(INDEX('Per Invoice'!$F$2:$F$151,$L9)="","",INDEX('Per Invoice'!$F$2:$F$151,$L9))) | G9: =IF($L9="","",IF(INDEX('Per Invoice'!$G$2:$G$151,$L9)="","",INDEX('Per Invoice'!$G$2:$G$151,$L9))) | H9: =IF($L9="","",IF(INDEX('Per Invoice'!$H$2:$H$151,$L9)="","",INDEX('Per Invoice'!$H$2:$H$151,$L9))) | I9: =IF($L9="","",IF(INDEX('Per Invoice'!$I$2:$I$151,$L9)="","",INDEX('Per Invoice'!$I$2:$I$151,$L9))) | J9: =IF($L9="","",IF(INDEX('Per Invoice'!$J$2:$J$151,$L9)="","",INDEX('Per Invoice'!$J$2:$J$151,$L9))) | K9: =IF($L9="","",IF(INDEX('Per Invoice'!$K$2:$K$151,$L9)="","",INDEX('Per Invoice'!$K$2:$K$151,$L9))) | L9: =IF(ROWS($L$2:$L9)<=COUNT('Per Invoice'!$M$2:$M$151),MATCH(ROWS($L$2:$L9),'Per Invoice'!$M$2:$M$151,0),"")
A10: =IF($L10="","",IF(INDEX('Per Invoice'!$A$2:$A$151,$L10)="","",INDEX('Per Invoice'!$A$2:$A$151,$L10))) | B10: =IF($L10="","",IF(INDEX('Per Invoice'!$B$2:$B$151,$L10)="","",INDEX('Per Invoice'!$B$2:$B$151,$L10))) | C10: =IF($L10="","",IF(INDEX('Per Invoice'!$C$2:$C$151,$L10)="","",INDEX('Per Invoice'!$C$2:$C$151,$L10))) | D10: =IF($L10="","",IF(INDEX('Per Invoice'!$D$2:$D$151,$L10)="","",INDEX('Per Invoice'!$D$2:$D$151,$L10))) | E10: =IF($L10="","",IF(INDEX('Per Invoice'!$E$2:$E$151,$L10)="","",INDEX('Per Invoice'!$E$2:$E$151,$L10))) | F10: =IF($L10="","",IF(INDEX('Per Invoice'!$F$2:$F$151,$L10)="","",INDEX('Per Invoice'!$F$2:$F$151,$L10))) | G10: =IF($L10="","",IF(INDEX('Per Invoice'!$G$2:$G$151,$L10)="","",INDEX('Per Invoice'!$G$2:$G$151,$L10))) | H10: =IF($L10="","",IF(INDEX('Per Invoice'!$H$2:$H$151,$L10)="","",INDEX('Per Invoice'!$H$2:$H$151,$L10))) | I10: =IF($L10="","",IF(INDEX('Per Invoice'!$I$2:$I$151,$L10)="","",INDEX('Per Invoice'!$I$2:$I$151,$L10))) | J10: =IF($L10="","",IF(INDEX('Per Invoice'!$J$2:$J$151,$L10)="","",INDEX('Per Invoice'!$J$2:$J$151,$L10))) | K10: =IF($L10="","",IF(INDEX('Per Invoice'!$K$2:$K$151,$L10)="","",INDEX('Per Invoice'!$K$2:$K$151,$L10))) | L10: =IF(ROWS($L$2:$L10)<=COUNT('Per Invoice'!$M$2:$M$151),MATCH(ROWS($L$2:$L10),'Per Invoice'!$M$2:$M$151,0),"")
A11: =IF($L11="","",IF(INDEX('Per Invoice'!$A$2:$A$151,$L11)="","",INDEX('Per Invoice'!$A$2:$A$151,$L11))) | B11: =IF($L11="","",IF(INDEX('Per Invoice'!$B$2:$B$151,$L11)="","",INDEX('Per Invoice'!$B$2:$B$151,$L11))) | C11: =IF($L11="","",IF(INDEX('Per Invoice'!$C$2:$C$151,$L11)="","",INDEX('Per Invoice'!$C$2:$C$151,$L11))) | D11: =IF($L11="","",IF(INDEX('Per Invoice'!$D$2:$D$151,$L11)="","",INDEX('Per Invoice'!$D$2:$D$151,$L11))) | E11: =IF($L11="","",IF(INDEX('Per Invoice'!$E$2:$E$151,$L11)="","",INDEX('Per Invoice'!$E$2:$E$151,$L11))) | F11: =IF($L11="","",IF(INDEX('Per Invoice'!$F$2:$F$151,$L11)="","",INDEX('Per Invoice'!$F$2:$F$151,$L11))) | G11: =IF($L11="","",IF(INDEX('Per Invoice'!$G$2:$G$151,$L11)="","",INDEX('Per Invoice'!$G$2:$G$151,$L11))) | H11: =IF($L11="","",IF(INDEX('Per Invoice'!$H$2:$H$151,$L11)="","",INDEX('Per Invoice'!$H$2:$H$151,$L11))) | I11: =IF($L11="","",IF(INDEX('Per Invoice'!$I$2:$I$151,$L11)="","",INDEX('Per Invoice'!$I$2:$I$151,$L11))) | J11: =IF($L11="","",IF(INDEX('Per Invoice'!$J$2:$J$151,$L11)="","",INDEX('Per Invoice'!$J$2:$J$151,$L11))) | K11: =IF($L11="","",IF(INDEX('Per Invoice'!$K$2:$K$151,$L11)="","",INDEX('Per Invoice'!$K$2:$K$151,$L11))) | L11: =IF(ROWS($L$2:$L11)<=COUNT('Per Invoice'!$M$2:$M$151),MATCH(ROWS($L$2:$L11),'Per Invoice'!$M$2:$M$151,0),"")
A12: =IF($L12="","",IF(INDEX('Per Invoice'!$A$2:$A$151,$L12)="","",INDEX('Per Invoice'!$A$2:$A$151,$L12))) | B12: =IF($L12="","",IF(INDEX('Per Invoice'!$B$2:$B$151,$L12)="","",INDEX('Per Invoice'!$B$2:$B$151,$L12))) | C12: =IF($L12="","",IF(INDEX('Per Invoice'!$C$2:$C$151,$L12)="","",INDEX('Per Invoice'!$C$2:$C$151,$L12))) | D12: =IF($L12="","",IF(INDEX('Per Invoice'!$D$2:$D$151,$L12)="","",INDEX('Per Invoice'!$D$2:$D$151,$L12))) | E12: =IF($L12="","",IF(INDEX('Per Invoice'!$E$2:$E$151,$L12)="","",INDEX('Per Invoice'!$E$2:$E$151,$L12))) | F12: =IF($L12="","",IF(INDEX('Per Invoice'!$F$2:$F$151,$L12)="","",INDEX('Per Invoice'!$F$2:$F$151,$L12))) | G12: =IF($L12="","",IF(INDEX('Per Invoice'!$G$2:$G$151,$L12)="","",INDEX('Per Invoice'!$G$2:$G$151,$L12))) | H12: =IF($L12="","",IF(INDEX('Per Invoice'!$H$2:$H$151,$L12)="","",INDEX('Per Invoice'!$H$2:$H$151,$L12))) | I12: =IF($L12="","",IF(INDEX('Per Invoice'!$I$2:$I$151,$L12)="","",INDEX('Per Invoice'!$I$2:$I$151,$L12))) | J12: =IF($L12="","",IF(INDEX('Per Invoice'!$J$2:$J$151,$L12)="","",INDEX('Per Invoice'!$J$2:$J$151,$L12))) | K12: =IF($L12="","",IF(INDEX('Per Invoice'!$K$2:$K$151,$L12)="","",INDEX('Per Invoice'!$K$2:$K$151,$L12))) | L12: =IF(ROWS($L$2:$L12)<=COUNT('Per Invoice'!$M$2:$M$151),MATCH(ROWS($L$2:$L12),'Per Invoice'!$M$2:$M$151,0),"")
A13: =IF($L13="","",IF(INDEX('Per Invoice'!$A$2:$A$151,$L13)="","",INDEX('Per Invoice'!$A$2:$A$151,$L13))) | B13: =IF($L13="","",IF(INDEX('Per Invoice'!$B$2:$B$151,$L13)="","",INDEX('Per Invoice'!$B$2:$B$151,$L13))) | C13: =IF($L13="","",IF(INDEX('Per Invoice'!$C$2:$C$151,$L13)="","",INDEX('Per Invoice'!$C$2:$C$151,$L13))) | D13: =IF($L13="","",IF(INDEX('Per Invoice'!$D$2:$D$151,$L13)="","",INDEX('Per Invoice'!$D$2:$D$151,$L13))) | E13: =IF($L13="","",IF(INDEX('Per Invoice'!$E$2:$E$151,$L13)="","",INDEX('Per Invoice'!$E$2:$E$151,$L13))) | F13: =IF($L13="","",IF(INDEX('Per Invoice'!$F$2:$F$151,$L13)="","",INDEX('Per Invoice'!$F$2:$F$151,$L13))) | G13: =IF($L13="","",IF(INDEX('Per Invoice'!$G$2:$G$151,$L13)="","",INDEX('Per Invoice'!$G$2:$G$151,$L13))) | H13: =IF($L13="","",IF(INDEX('Per Invoice'!$H$2:$H$151,$L13)="","",INDEX('Per Invoice'!$H$2:$H$151,$L13))) | I13: =IF($L13="","",IF(INDEX('Per Invoice'!$I$2:$I$151,$L13)="","",INDEX('Per Invoice'!$I$2:$I$151,$L13))) | J13: =IF($L13="","",IF(INDEX('Per Invoice'!$J$2:$J$151,$L13)="","",INDEX('Per Invoice'!$J$2:$J$151,$L13))) | K13: =IF($L13="","",IF(INDEX('Per Invoice'!$K$2:$K$151,$L13)="","",INDEX('Per Invoice'!$K$2:$K$151,$L13))) | L13: =IF(ROWS($L$2:$L13)<=COUNT('Per Invoice'!$M$2:$M$151),MATCH(ROWS($L$2:$L13),'Per Invoice'!$M$2:$M$151,0),"")
... A151: =IF($L151="","",IF(INDEX('Per Invoice'!$A$2:$A$151,$L151)="","",INDEX('Per Invoice'!$A$2:$A$151,$L151))) | B151: =IF($L151="","",IF(INDEX('Per Invoice'!$B$2:$B$151,$L151)="","",INDEX('Per Invoice'!$B$2:$B$151,$L151))) | C151: =IF($L151="","",IF(INDEX('Per Invoice'!$C$2:$C$151,$L151)="","",INDEX('Per Invoice'!$C$2:$C$151,$L151))) | D151: =IF($L151="","",IF(INDEX('Per Invoice'!$D$2:$D$151,$L151)="","",INDEX('Per Invoice'!$D$2:$D$151,$L151))) | E151: =IF($L151="","",IF(INDEX('Per Invoice'!$E$2:$E$151,$L151)="","",INDEX('Per Invoice'!$E$2:$E$151,$L151))) | F151: =IF($L151="","",IF(INDEX('Per Invoice'!$F$2:$F$151,$L151)="","",INDEX('Per Invoice'!$F$2:$F$151,$L151))) | G151: =IF($L151="","",IF(INDEX('Per Invoice'!$G$2:$G$151,$L151)="","",INDEX('Per Invoice'!$G$2:$G$151,$L151))) | H151: =IF($L151="","",IF(INDEX('Per Invoice'!$H$2:$H$151,$L151)="","",INDEX('Per Invoice'!$H$2:$H$151,$L151))) | I151: =IF($L151="","",IF(INDEX('Per Invoice'!$I$2:$I$151,$L151)="","",INDEX('Per Invoice'!$I$2:$I$151,$L151))) | J151: =IF($L151="","",IF(INDEX('Per Invoice'!$J$2:$J$151,$L151)="","",INDEX('Per Invoice'!$J$2:$J$151,$L151))) | K151: =IF($L151="","",IF(INDEX('Per Invoice'!$K$2:$K$151,$L151)="","",INDEX('Per Invoice'!$K$2:$K$151,$L151))) | L151: =IF(ROWS($L$2:$L151)<=COUNT('Per Invoice'!$M$2:$M$151),MATCH(ROWS($L$2:$L151),'Per Invoice'!$M$2:$M$151,0),"")

Sheet Per Invoice Below
A1: Invoice | B1: So | C1: Lot | D1: SSNBR | E1: Svc Date | F1: Sum of Total Approved | G1: Sum of dis | H1: Sum of Paid Amount | I1: Sum of Subtotal | J1: Sum of Net Amt | K1: Seg | L1: Per Invoice Row (helper)
A2: =IF($L2="","",IF(INDEX('Per Invoice'!$A$2:$A$151,$L2)="","",INDEX('Per Invoice'!$A$2:$A$151,$L2))) | B2: =IF($L2="","",IF(INDEX('Per Invoice'!$B$2:$B$151,$L2)="","",INDEX('Per Invoice'!$B$2:$B$151,$L2))) | C2: =IF($L2="","",IF(INDEX('Per Invoice'!$C$2:$C$151,$L2)="","",INDEX('Per Invoice'!$C$2:$C$151,$L2))) | D2: =IF($L2="","",IF(INDEX('Per Invoice'!$D$2:$D$151,$L2)="","",INDEX('Per Invoice'!$D$2:$D$151,$L2))) | E2: =IF($L2="","",IF(INDEX('Per Invoice'!$E$2:$E$151,$L2)="","",INDEX('Per Invoice'!$E$2:$E$151,$L2))) | F2: =IF($L2="","",IF(INDEX('Per Invoice'!$F$2:$F$151,$L2)="","",INDEX('Per Invoice'!$F$2:$F$151,$L2))) | G2: =IF($L2="","",IF(INDEX('Per Invoice'!$G$2:$G$151,$L2)="","",INDEX('Per Invoice'!$G$2:$G$151,$L2))) | H2: =IF($L2="","",IF(INDEX('Per Invoice'!$H$2:$H$151,$L2)="","",INDEX('Per Invoice'!$H$2:$H$151,$L2))) | I2: =IF($L2="","",IF(INDEX('Per Invoice'!$I$2:$I$151,$L2)="","",INDEX('Per Invoice'!$I$2:$I$151,$L2))) | J2: =IF($L2="","",IF(INDEX('Per Invoice'!$J$2:$J$151,$L2)="","",INDEX('Per Invoice'!$J$2:$J$151,$L2))) | K2: =IF($L2="","",IF(INDEX('Per Invoice'!$K$2:$K$151,$L2)="","",INDEX('Per Invoice'!$K$2:$K$151,$L2))) | L2: =IF(ROWS($L$2:$L2)<=COUNT('Per Invoice'!$N$2:$N$151),MATCH(ROWS($L$2:$L2),'Per Invoice'!$N$2:$N$151,0),"")
A3: =IF($L3="","",IF(INDEX('Per Invoice'!$A$2:$A$151,$L3)="","",INDEX('Per Invoice'!$A$2:$A$151,$L3))) | B3: =IF($L3="","",IF(INDEX('Per Invoice'!$B$2:$B$151,$L3)="","",INDEX('Per Invoice'!$B$2:$B$151,$L3))) | C3: =IF($L3="","",IF(INDEX('Per Invoice'!$C$2:$C$151,$L3)="","",INDEX('Per Invoice'!$C$2:$C$151,$L3))) | D3: =IF($L3="","",IF(INDEX('Per Invoice'!$D$2:$D$151,$L3)="","",INDEX('Per Invoice'!$D$2:$D$151,$L3))) | E3: =IF($L3="","",IF(INDEX('Per Invoice'!$E$2:$E$151,$L3)="","",INDEX('Per Invoice'!$E$2:$E$151,$L3))) | F3: =IF($L3="","",IF(INDEX('Per Invoice'!$F$2:$F$151,$L3)="","",INDEX('Per Invoice'!$F$2:$F$151,$L3))) | G3: =IF($L3="","",IF(INDEX('Per Invoice'!$G$2:$G$151,$L3)="","",INDEX('Per Invoice'!$G$2:$G$151,$L3))) | H3: =IF($L3="","",IF(INDEX('Per Invoice'!$H$2:$H$151,$L3)="","",INDEX('Per Invoice'!$H$2:$H$151,$L3))) | I3: =IF($L3="","",IF(INDEX('Per Invoice'!$I$2:$I$151,$L3)="","",INDEX('Per Invoice'!$I$2:$I$151,$L3))) | J3: =IF($L3="","",IF(INDEX('Per Invoice'!$J$2:$J$151,$L3)="","",INDEX('Per Invoice'!$J$2:$J$151,$L3))) | K3: =IF($L3="","",IF(INDEX('Per Invoice'!$K$2:$K$151,$L3)="","",INDEX('Per Invoice'!$K$2:$K$151,$L3))) | L3: =IF(ROWS($L$2:$L3)<=COUNT('Per Invoice'!$N$2:$N$151),MATCH(ROWS($L$2:$L3),'Per Invoice'!$N$2:$N$151,0),"")
A4: =IF($L4="","",IF(INDEX('Per Invoice'!$A$2:$A$151,$L4)="","",INDEX('Per Invoice'!$A$2:$A$151,$L4))) | B4: =IF($L4="","",IF(INDEX('Per Invoice'!$B$2:$B$151,$L4)="","",INDEX('Per Invoice'!$B$2:$B$151,$L4))) | C4: =IF($L4="","",IF(INDEX('Per Invoice'!$C$2:$C$151,$L4)="","",INDEX('Per Invoice'!$C$2:$C$151,$L4))) | D4: =IF($L4="","",IF(INDEX('Per Invoice'!$D$2:$D$151,$L4)="","",INDEX('Per Invoice'!$D$2:$D$151,$L4))) | E4: =IF($L4="","",IF(INDEX('Per Invoice'!$E$2:$E$151,$L4)="","",INDEX('Per Invoice'!$E$2:$E$151,$L4))) | F4: =IF($L4="","",IF(INDEX('Per Invoice'!$F$2:$F$151,$L4)="","",INDEX('Per Invoice'!$F$2:$F$151,$L4))) | G4: =IF($L4="","",IF(INDEX('Per Invoice'!$G$2:$G$151,$L4)="","",INDEX('Per Invoice'!$G$2:$G$151,$L4))) | H4: =IF($L4="","",IF(INDEX('Per Invoice'!$H$2:$H$151,$L4)="","",INDEX('Per Invoice'!$H$2:$H$151,$L4))) | I4: =IF($L4="","",IF(INDEX('Per Invoice'!$I$2:$I$151,$L4)="","",INDEX('Per Invoice'!$I$2:$I$151,$L4))) | J4: =IF($L4="","",IF(INDEX('Per Invoice'!$J$2:$J$151,$L4)="","",INDEX('Per Invoice'!$J$2:$J$151,$L4))) | K4: =IF($L4="","",IF(INDEX('Per Invoice'!$K$2:$K$151,$L4)="","",INDEX('Per Invoice'!$K$2:$K$151,$L4))) | L4: =IF(ROWS($L$2:$L4)<=COUNT('Per Invoice'!$N$2:$N$151),MATCH(ROWS($L$2:$L4),'Per Invoice'!$N$2:$N$151,0),"")
A5: =IF($L5="","",IF(INDEX('Per Invoice'!$A$2:$A$151,$L5)="","",INDEX('Per Invoice'!$A$2:$A$151,$L5))) | B5: =IF($L5="","",IF(INDEX('Per Invoice'!$B$2:$B$151,$L5)="","",INDEX('Per Invoice'!$B$2:$B$151,$L5))) | C5: =IF($L5="","",IF(INDEX('Per Invoice'!$C$2:$C$151,$L5)="","",INDEX('Per Invoice'!$C$2:$C$151,$L5))) | D5: =IF($L5="","",IF(INDEX('Per Invoice'!$D$2:$D$151,$L5)="","",INDEX('Per Invoice'!$D$2:$D$151,$L5))) | E5: =IF($L5="","",IF(INDEX('Per Invoice'!$E$2:$E$151,$L5)="","",INDEX('Per Invoice'!$E$2:$E$151,$L5))) | F5: =IF($L5="","",IF(INDEX('Per Invoice'!$F$2:$F$151,$L5)="","",INDEX('Per Invoice'!$F$2:$F$151,$L5))) | G5: =IF($L5="","",IF(INDEX('Per Invoice'!$G$2:$G$151,$L5)="","",INDEX('Per Invoice'!$G$2:$G$151,$L5))) | H5: =IF($L5="","",IF(INDEX('Per Invoice'!$H$2:$H$151,$L5)="","",INDEX('Per Invoice'!$H$2:$H$151,$L5))) | I5: =IF($L5="","",IF(INDEX('Per Invoice'!$I$2:$I$151,$L5)="","",INDEX('Per Invoice'!$I$2:$I$151,$L5))) | J5: =IF($L5="","",IF(INDEX('Per Invoice'!$J$2:$J$151,$L5)="","",INDEX('Per Invoice'!$J$2:$J$151,$L5))) | K5: =IF($L5="","",IF(INDEX('Per Invoice'!$K$2:$K$151,$L5)="","",INDEX('Per Invoice'!$K$2:$K$151,$L5))) | L5: =IF(ROWS($L$2:$L5)<=COUNT('Per Invoice'!$N$2:$N$151),MATCH(ROWS($L$2:$L5),'Per Invoice'!$N$2:$N$151,0),"")
A6: =IF($L6="","",IF(INDEX('Per Invoice'!$A$2:$A$151,$L6)="","",INDEX('Per Invoice'!$A$2:$A$151,$L6))) | B6: =IF($L6="","",IF(INDEX('Per Invoice'!$B$2:$B$151,$L6)="","",INDEX('Per Invoice'!$B$2:$B$151,$L6))) | C6: =IF($L6="","",IF(INDEX('Per Invoice'!$C$2:$C$151,$L6)="","",INDEX('Per Invoice'!$C$2:$C$151,$L6))) | D6: =IF($L6="","",IF(INDEX('Per Invoice'!$D$2:$D$151,$L6)="","",INDEX('Per Invoice'!$D$2:$D$151,$L6))) | E6: =IF($L6="","",IF(INDEX('Per Invoice'!$E$2:$E$151,$L6)="","",INDEX('Per Invoice'!$E$2:$E$151,$L6))) | F6: =IF($L6="","",IF(INDEX('Per Invoice'!$F$2:$F$151,$L6)="","",INDEX('Per Invoice'!$F$2:$F$151,$L6))) | G6: =IF($L6="","",IF(INDEX('Per Invoice'!$G$2:$G$151,$L6)="","",INDEX('Per Invoice'!$G$2:$G$151,$L6))) | H6: =IF($L6="","",IF(INDEX('Per Invoice'!$H$2:$H$151,$L6)="","",INDEX('Per Invoice'!$H$2:$H$151,$L6))) | I6: =IF($L6="","",IF(INDEX('Per Invoice'!$I$2:$I$151,$L6)="","",INDEX('Per Invoice'!$I$2:$I$151,$L6))) | J6: =IF($L6="","",IF(INDEX('Per Invoice'!$J$2:$J$151,$L6)="","",INDEX('Per Invoice'!$J$2:$J$151,$L6))) | K6: =IF($L6="","",IF(INDEX('Per Invoice'!$K$2:$K$151,$L6)="","",INDEX('Per Invoice'!$K$2:$K$151,$L6))) | L6: =IF(ROWS($L$2:$L6)<=COUNT('Per Invoice'!$N$2:$N$151),MATCH(ROWS($L$2:$L6),'Per Invoice'!$N$2:$N$151,0),"")
A7: =IF($L7="","",IF(INDEX('Per Invoice'!$A$2:$A$151,$L7)="","",INDEX('Per Invoice'!$A$2:$A$151,$L7))) | B7: =IF($L7="","",IF(INDEX('Per Invoice'!$B$2:$B$151,$L7)="","",INDEX('Per Invoice'!$B$2:$B$151,$L7))) | C7: =IF($L7="","",IF(INDEX('Per Invoice'!$C$2:$C$151,$L7)="","",INDEX('Per Invoice'!$C$2:$C$151,$L7))) | D7: =IF($L7="","",IF(INDEX('Per Invoice'!$D$2:$D$151,$L7)="","",INDEX('Per Invoice'!$D$2:$D$151,$L7))) | E7: =IF($L7="","",IF(INDEX('Per Invoice'!$E$2:$E$151,$L7)="","",INDEX('Per Invoice'!$E$2:$E$151,$L7))) | F7: =IF($L7="","",IF(INDEX('Per Invoice'!$F$2:$F$151,$L7)="","",INDEX('Per Invoice'!$F$2:$F$151,$L7))) | G7: =IF($L7="","",IF(INDEX('Per Invoice'!$G$2:$G$151,$L7)="","",INDEX('Per Invoice'!$G$2:$G$151,$L7))) | H7: =IF($L7="","",IF(INDEX('Per Invoice'!$H$2:$H$151,$L7)="","",INDEX('Per Invoice'!$H$2:$H$151,$L7))) | I7: =IF($L7="","",IF(INDEX('Per Invoice'!$I$2:$I$151,$L7)="","",INDEX('Per Invoice'!$I$2:$I$151,$L7))) | J7: =IF($L7="","",IF(INDEX('Per Invoice'!$J$2:$J$151,$L7)="","",INDEX('Per Invoice'!$J$2:$J$151,$L7))) | K7: =IF($L7="","",IF(INDEX('Per Invoice'!$K$2:$K$151,$L7)="","",INDEX('Per Invoice'!$K$2:$K$151,$L7))) | L7: =IF(ROWS($L$2:$L7)<=COUNT('Per Invoice'!$N$2:$N$151),MATCH(ROWS($L$2:$L7),'Per Invoice'!$N$2:$N$151,0),"")
A8: =IF($L8="","",IF(INDEX('Per Invoice'!$A$2:$A$151,$L8)="","",INDEX('Per Invoice'!$A$2:$A$151,$L8))) | B8: =IF($L8="","",IF(INDEX('Per Invoice'!$B$2:$B$151,$L8)="","",INDEX('Per Invoice'!$B$2:$B$151,$L8))) | C8: =IF($L8="","",IF(INDEX('Per Invoice'!$C$2:$C$151,$L8)="","",INDEX('Per Invoice'!$C$2:$C$151,$L8))) | D8: =IF($L8="","",IF(INDEX('Per Invoice'!$D$2:$D$151,$L8)="","",INDEX('Per Invoice'!$D$2:$D$151,$L8))) | E8: =IF($L8="","",IF(INDEX('Per Invoice'!$E$2:$E$151,$L8)="","",INDEX('Per Invoice'!$E$2:$E$151,$L8))) | F8: =IF($L8="","",IF(INDEX('Per Invoice'!$F$2:$F$151,$L8)="","",INDEX('Per Invoice'!$F$2:$F$151,$L8))) | G8: =IF($L8="","",IF(INDEX('Per Invoice'!$G$2:$G$151,$L8)="","",INDEX('Per Invoice'!$G$2:$G$151,$L8))) | H8: =IF($L8="","",IF(INDEX('Per Invoice'!$H$2:$H$151,$L8)="","",INDEX('Per Invoice'!$H$2:$H$151,$L8))) | I8: =IF($L8="","",IF(INDEX('Per Invoice'!$I$2:$I$151,$L8)="","",INDEX('Per Invoice'!$I$2:$I$151,$L8))) | J8: =IF($L8="","",IF(INDEX('Per Invoice'!$J$2:$J$151,$L8)="","",INDEX('Per Invoice'!$J$2:$J$151,$L8))) | K8: =IF($L8="","",IF(INDEX('Per Invoice'!$K$2:$K$151,$L8)="","",INDEX('Per Invoice'!$K$2:$K$151,$L8))) | L8: =IF(ROWS($L$2:$L8)<=COUNT('Per Invoice'!$N$2:$N$151),MATCH(ROWS($L$2:$L8),'Per Invoice'!$N$2:$N$151,0),"")
A9: =IF($L9="","",IF(INDEX('Per Invoice'!$A$2:$A$151,$L9)="","",INDEX('Per Invoice'!$A$2:$A$151,$L9))) | B9: =IF($L9="","",IF(INDEX('Per Invoice'!$B$2:$B$151,$L9)="","",INDEX('Per Invoice'!$B$2:$B$151,$L9))) | C9: =IF($L9="","",IF(INDEX('Per Invoice'!$C$2:$C$151,$L9)="","",INDEX('Per Invoice'!$C$2:$C$151,$L9))) | D9: =IF($L9="","",IF(INDEX('Per Invoice'!$D$2:$D$151,$L9)="","",INDEX('Per Invoice'!$D$2:$D$151,$L9))) | E9: =IF($L9="","",IF(INDEX('Per Invoice'!$E$2:$E$151,$L9)="","",INDEX('Per Invoice'!$E$2:$E$151,$L9))) | F9: =IF($L9="","",IF(INDEX('Per Invoice'!$F$2:$F$151,$L9)="","",INDEX('Per Invoice'!$F$2:$F$151,$L9))) | G9: =IF($L9="","",IF(INDEX('Per Invoice'!$G$2:$G$151,$L9)="","",INDEX('Per Invoice'!$G$2:$G$151,$L9))) | H9: =IF($L9="","",IF(INDEX('Per Invoice'!$H$2:$H$151,$L9)="","",INDEX('Per Invoice'!$H$2:$H$151,$L9))) | I9: =IF($L9="","",IF(INDEX('Per Invoice'!$I$2:$I$151,$L9)="","",INDEX('Per Invoice'!$I$2:$I$151,$L9))) | J9: =IF($L9="","",IF(INDEX('Per Invoice'!$J$2:$J$151,$L9)="","",INDEX('Per Invoice'!$J$2:$J$151,$L9))) | K9: =IF($L9="","",IF(INDEX('Per Invoice'!$K$2:$K$151,$L9)="","",INDEX('Per Invoice'!$K$2:$K$151,$L9))) | L9: =IF(ROWS($L$2:$L9)<=COUNT('Per Invoice'!$N$2:$N$151),MATCH(ROWS($L$2:$L9),'Per Invoice'!$N$2:$N$151,0),"")
A10: =IF($L10="","",IF(INDEX('Per Invoice'!$A$2:$A$151,$L10)="","",INDEX('Per Invoice'!$A$2:$A$151,$L10))) | B10: =IF($L10="","",IF(INDEX('Per Invoice'!$B$2:$B$151,$L10)="","",INDEX('Per Invoice'!$B$2:$B$151,$L10))) | C10: =IF($L10="","",IF(INDEX('Per Invoice'!$C$2:$C$151,$L10)="","",INDEX('Per Invoice'!$C$2:$C$151,$L10))) | D10: =IF($L10="","",IF(INDEX('Per Invoice'!$D$2:$D$151,$L10)="","",INDEX('Per Invoice'!$D$2:$D$151,$L10))) | E10: =IF($L10="","",IF(INDEX('Per Invoice'!$E$2:$E$151,$L10)="","",INDEX('Per Invoice'!$E$2:$E$151,$L10))) | F10: =IF($L10="","",IF(INDEX('Per Invoice'!$F$2:$F$151,$L10)="","",INDEX('Per Invoice'!$F$2:$F$151,$L10))) | G10: =IF($L10="","",IF(INDEX('Per Invoice'!$G$2:$G$151,$L10)="","",INDEX('Per Invoice'!$G$2:$G$151,$L10))) | H10: =IF($L10="","",IF(INDEX('Per Invoice'!$H$2:$H$151,$L10)="","",INDEX('Per Invoice'!$H$2:$H$151,$L10))) | I10: =IF($L10="","",IF(INDEX('Per Invoice'!$I$2:$I$151,$L10)="","",INDEX('Per Invoice'!$I$2:$I$151,$L10))) | J10: =IF($L10="","",IF(INDEX('Per Invoice'!$J$2:$J$151,$L10)="","",INDEX('Per Invoice'!$J$2:$J$151,$L10))) | K10: =IF($L10="","",IF(INDEX('Per Invoice'!$K$2:$K$151,$L10)="","",INDEX('Per Invoice'!$K$2:$K$151,$L10))) | L10: =IF(ROWS($L$2:$L10)<=COUNT('Per Invoice'!$N$2:$N$151),MATCH(ROWS($L$2:$L10),'Per Invoice'!$N$2:$N$151,0),"")
A11: =IF($L11="","",IF(INDEX('Per Invoice'!$A$2:$A$151,$L11)="","",INDEX('Per Invoice'!$A$2:$A$151,$L11))) | B11: =IF($L11="","",IF(INDEX('Per Invoice'!$B$2:$B$151,$L11)="","",INDEX('Per Invoice'!$B$2:$B$151,$L11))) | C11: =IF($L11="","",IF(INDEX('Per Invoice'!$C$2:$C$151,$L11)="","",INDEX('Per Invoice'!$C$2:$C$151,$L11))) | D11: =IF($L11="","",IF(INDEX('Per Invoice'!$D$2:$D$151,$L11)="","",INDEX('Per Invoice'!$D$2:$D$151,$L11))) | E11: =IF($L11="","",IF(INDEX('Per Invoice'!$E$2:$E$151,$L11)="","",INDEX('Per Invoice'!$E$2:$E$151,$L11))) | F11: =IF($L11="","",IF(INDEX('Per Invoice'!$F$2:$F$151,$L11)="","",INDEX('Per Invoice'!$F$2:$F$151,$L11))) | G11: =IF($L11="","",IF(INDEX('Per Invoice'!$G$2:$G$151,$L11)="","",INDEX('Per Invoice'!$G$2:$G$151,$L11))) | H11: =IF($L11="","",IF(INDEX('Per Invoice'!$H$2:$H$151,$L11)="","",INDEX('Per Invoice'!$H$2:$H$151,$L11))) | I11: =IF($L11="","",IF(INDEX('Per Invoice'!$I$2:$I$151,$L11)="","",INDEX('Per Invoice'!$I$2:$I$151,$L11))) | J11: =IF($L11="","",IF(INDEX('Per Invoice'!$J$2:$J$151,$L11)="","",INDEX('Per Invoice'!$J$2:$J$151,$L11))) | K11: =IF($L11="","",IF(INDEX('Per Invoice'!$K$2:$K$151,$L11)="","",INDEX('Per Invoice'!$K$2:$K$151,$L11))) | L11: =IF(ROWS($L$2:$L11)<=COUNT('Per Invoice'!$N$2:$N$151),MATCH(ROWS($L$2:$L11),'Per Invoice'!$N$2:$N$151,0),"")
A12: =IF($L12="","",IF(INDEX('Per Invoice'!$A$2:$A$151,$L12)="","",INDEX('Per Invoice'!$A$2:$A$151,$L12))) | B12: =IF($L12="","",IF(INDEX('Per Invoice'!$B$2:$B$151,$L12)="","",INDEX('Per Invoice'!$B$2:$B$151,$L12))) | C12: =IF($L12="","",IF(INDEX('Per Invoice'!$C$2:$C$151,$L12)="","",INDEX('Per Invoice'!$C$2:$C$151,$L12))) | D12: =IF($L12="","",IF(INDEX('Per Invoice'!$D$2:$D$151,$L12)="","",INDEX('Per Invoice'!$D$2:$D$151,$L12))) | E12: =IF($L12="","",IF(INDEX('Per Invoice'!$E$2:$E$151,$L12)="","",INDEX('Per Invoice'!$E$2:$E$151,$L12))) | F12: =IF($L12="","",IF(INDEX('Per Invoice'!$F$2:$F$151,$L12)="","",INDEX('Per Invoice'!$F$2:$F$151,$L12))) | G12: =IF($L12="","",IF(INDEX('Per Invoice'!$G$2:$G$151,$L12)="","",INDEX('Per Invoice'!$G$2:$G$151,$L12))) | H12: =IF($L12="","",IF(INDEX('Per Invoice'!$H$2:$H$151,$L12)="","",INDEX('Per Invoice'!$H$2:$H$151,$L12))) | I12: =IF($L12="","",IF(INDEX('Per Invoice'!$I$2:$I$151,$L12)="","",INDEX('Per Invoice'!$I$2:$I$151,$L12))) | J12: =IF($L12="","",IF(INDEX('Per Invoice'!$J$2:$J$151,$L12)="","",INDEX('Per Invoice'!$J$2:$J$151,$L12))) | K12: =IF($L12="","",IF(INDEX('Per Invoice'!$K$2:$K$151,$L12)="","",INDEX('Per Invoice'!$K$2:$K$151,$L12))) | L12: =IF(ROWS($L$2:$L12)<=COUNT('Per Invoice'!$N$2:$N$151),MATCH(ROWS($L$2:$L12),'Per Invoice'!$N$2:$N$151,0),"")
A13: =IF($L13="","",IF(INDEX('Per Invoice'!$A$2:$A$151,$L13)="","",INDEX('Per Invoice'!$A$2:$A$151,$L13))) | B13: =IF($L13="","",IF(INDEX('Per Invoice'!$B$2:$B$151,$L13)="","",INDEX('Per Invoice'!$B$2:$B$151,$L13))) | C13: =IF($L13="","",IF(INDEX('Per Invoice'!$C$2:$C$151,$L13)="","",INDEX('Per Invoice'!$C$2:$C$151,$L13))) | D13: =IF($L13="","",IF(INDEX('Per Invoice'!$D$2:$D$151,$L13)="","",INDEX('Per Invoice'!$D$2:$D$151,$L13))) | E13: =IF($L13="","",IF(INDEX('Per Invoice'!$E$2:$E$151,$L13)="","",INDEX('Per Invoice'!$E$2:$E$151,$L13))) | F13: =IF($L13="","",IF(INDEX('Per Invoice'!$F$2:$F$151,$L13)="","",INDEX('Per Invoice'!$F$2:$F$151,$L13))) | G13: =IF($L13="","",IF(INDEX('Per Invoice'!$G$2:$G$151,$L13)="","",INDEX('Per Invoice'!$G$2:$G$151,$L13))) | H13: =IF($L13="","",IF(INDEX('Per Invoice'!$H$2:$H$151,$L13)="","",INDEX('Per Invoice'!$H$2:$H$151,$L13))) | I13: =IF($L13="","",IF(INDEX('Per Invoice'!$I$2:$I$151,$L13)="","",INDEX('Per Invoice'!$I$2:$I$151,$L13))) | J13: =IF($L13="","",IF(INDEX('Per Invoice'!$J$2:$J$151,$L13)="","",INDEX('Per Invoice'!$J$2:$J$151,$L13))) | K13: =IF($L13="","",IF(INDEX('Per Invoice'!$K$2:$K$151,$L13)="","",INDEX('Per Invoice'!$K$2:$K$151,$L13))) | L13: =IF(ROWS($L$2:$L13)<=COUNT('Per Invoice'!$N$2:$N$151),MATCH(ROWS($L$2:$L13),'Per Invoice'!$N$2:$N$151,0),"")
... A151: =IF($L151="","",IF(INDEX('Per Invoice'!$A$2:$A$151,$L151)="","",INDEX('Per Invoice'!$A$2:$A$151,$L151))) | B151: =IF($L151="","",IF(INDEX('Per Invoice'!$B$2:$B$151,$L151)="","",INDEX('Per Invoice'!$B$2:$B$151,$L151))) | C151: =IF($L151="","",IF(INDEX('Per Invoice'!$C$2:$C$151,$L151)="","",INDEX('Per Invoice'!$C$2:$C$151,$L151))) | D151: =IF($L151="","",IF(INDEX('Per Invoice'!$D$2:$D$151,$L151)="","",INDEX('Per Invoice'!$D$2:$D$151,$L151))) | E151: =IF($L151="","",IF(INDEX('Per Invoice'!$E$2:$E$151,$L151)="","",INDEX('Per Invoice'!$E$2:$E$151,$L151))) | F151: =IF($L151="","",IF(INDEX('Per Invoice'!$F$2:$F$151,$L151)="","",INDEX('Per Invoice'!$F$2:$F$151,$L151))) | G151: =IF($L151="","",IF(INDEX('Per Invoice'!$G$2:$G$151,$L151)="","",INDEX('Per Invoice'!$G$2:$G$151,$L151))) | H151: =IF($L151="","",IF(INDEX('Per Invoice'!$H$2:$H$151,$L151)="","",INDEX('Per Invoice'!$H$2:$H$151,$L151))) | I151: =IF($L151="","",IF(INDEX('Per Invoice'!$I$2:$I$151,$L151)="","",INDEX('Per Invoice'!$I$2:$I$151,$L151))) | J151: =IF($L151="","",IF(INDEX('Per Invoice'!$J$2:$J$151,$L151)="","",INDEX('Per Invoice'!$J$2:$J$151,$L151))) | K151: =IF($L151="","",IF(INDEX('Per Invoice'!$K$2:$K$151,$L151)="","",INDEX('Per Invoice'!$K$2:$K$151,$L151))) | L151: =IF(ROWS($L$2:$L151)<=COUNT('Per Invoice'!$N$2:$N$151),MATCH(ROWS($L$2:$L151),'Per Invoice'!$N$2:$N$151,0),"")
