Workbook

Sheet How To Use
B1: METLIFE - VPN - PAPERLESS TEMPLATE
B3: Colours: blue header = pasted or typed by you, green header = formula (do not paste over it), grey header = helper, yellow = editable setting.
B5: 1. In 'Per Line', paste the lines of the sheet from row 2 into the blue columns: A-W, AA-AB, AD-AE.
B6: Do NOT paste over the green formula columns: X-Z, AC (they calculate Discount, Co val, Subtotal and Net from the Total Approved, Rebates % and Copay % you pasted).
B7: Paste the columns in the same order as the source sheet. Rebates % and Copay % come from the sheet, so there are no rates to set. If a Rebates % is typed as a fraction below 1 (for example 0.12), the template reads it as a percent (12).
B8: 2. 'Per Invoice' fills itself: one row per So, in the order the orders first appear in 'Per Line'. Type Card, ERX in the blue columns.
B9: 3. Segments (Above / Below) are decided by the Lot number. The Lot to segment table is in 'Settings' (yellow cells): add any new Lot there.
B10: The tabs 'Per Invoice Above' and 'Per Invoice Below' fill themselves from 'Per Invoice', and 'Summary' shows the count and totals per segment.
B11: 4. Open 'Settings': STATUS must say OK. If it says CHECK, a total in 'Per Line' differs from 'Per Invoice', there are more orders than the template has room for, or a Lot is missing from the segment table.
B13: To start a new month: clear the blue cells in 'Per Line' (row 2 down) and the blue cells in 'Per Invoice', then paste again.

Sheet Settings
B1: METLIFE - VPN - PAPERLESS - SETTINGS
B3: Insurance company | C3: Metlife | D3: Rebates % and Copay % are typed on every line of the export, so there are no rates to set here.
B4: Type | C4: VPN - Paperless
B5: Month (as in the source sheet) | C5: August 2026
B9: Reconciliation (Per Line vs Per Invoice)
B10: Lines loaded | C10: =COUNTA('Per Line'!$C$2:$C$7001)
B11: Invoices (unique So) | C11: =MAX('Per Line'!$AF$2:$AF$7001)
B12: Invoices shown in Per Invoice | C12: =COUNTIF('Per Invoice'!$B$2:$B$3001,"?*")+COUNT('Per Invoice'!$B$2:$B$3001)
B13: Total Approved - Per Line | C13: =SUM('Per Line'!$W$2:$W$7001)
B14: Total Approved - Per Invoice | C14: =SUM('Per Invoice'!$G$2:$G$3001)
B15: Discount - Per Line | C15: =SUM('Per Line'!$X$2:$X$7001)
B16: Discount - Per Invoice | C16: =SUM('Per Invoice'!$H$2:$H$3001)
B17: Co val - Per Line | C17: =SUM('Per Line'!$Y$2:$Y$7001)
B18: Co val - Per Invoice | C18: =SUM('Per Invoice'!$I$2:$I$3001)
B19: Net - Per Line | C19: =SUM('Per Line'!$AC$2:$AC$7001)
B20: Net - Per Invoice | C20: =SUM('Per Invoice'!$K$2:$K$3001)
B21: Orders that do not fit in Per Invoice (must be 0) | C21: =MAX(0,C11-3000)
B22: Orders whose Lot is not in the segment table below (must be 0) | C22: =COUNTIF('Per Invoice'!$L$2:$L$3001,"Unassigned")
B23: STATUS | C23: =IF(C10=0,"No data loaded",IF(AND(C21=0,C12=C11,ABS(C13-C14)<0.01,ABS(C15-C16)<0.01,ABS(C17-C18)<0.01,ABS(C19-C20)<0.01,C22=0),"OK","CHECK")) | D23: Per Line has room for 7000 lines and Per Invoice for 3000 invoices.
B25: Segment table: which Lot belongs to which segment
B26: Lot number | C26: Segment | D26: Add a new Lot here when it appears in Per Line. Segment must be spelled exactly: Above / Below
B27: 26158332 | C27: Above
B28: 26158333 | C28: Below
B29: 26155344 | C29: Below

Sheet Summary
A1: Segment | B1: Count of So | C1: Sum of Total Approved | D1: Sum of dis | E1: Sum of Paid Amount | F1: Sum of Subtotal | G1: Sum of Net Amt
A2: Above | B2: =COUNTIF('Per Invoice'!$L$2:$L$3001,A2) | C2: =SUMIFS('Per Invoice'!$G$2:$G$3001,'Per Invoice'!$L$2:$L$3001,$A2) | D2: =SUMIFS('Per Invoice'!$H$2:$H$3001,'Per Invoice'!$L$2:$L$3001,$A2) | E2: =SUMIFS('Per Invoice'!$I$2:$I$3001,'Per Invoice'!$L$2:$L$3001,$A2) | F2: =SUMIFS('Per Invoice'!$J$2:$J$3001,'Per Invoice'!$L$2:$L$3001,$A2) | G2: =SUMIFS('Per Invoice'!$K$2:$K$3001,'Per Invoice'!$L$2:$L$3001,$A2)
A3: Below | B3: =COUNTIF('Per Invoice'!$L$2:$L$3001,A3) | C3: =SUMIFS('Per Invoice'!$G$2:$G$3001,'Per Invoice'!$L$2:$L$3001,$A3) | D3: =SUMIFS('Per Invoice'!$H$2:$H$3001,'Per Invoice'!$L$2:$L$3001,$A3) | E3: =SUMIFS('Per Invoice'!$I$2:$I$3001,'Per Invoice'!$L$2:$L$3001,$A3) | F3: =SUMIFS('Per Invoice'!$J$2:$J$3001,'Per Invoice'!$L$2:$L$3001,$A3) | G3: =SUMIFS('Per Invoice'!$K$2:$K$3001,'Per Invoice'!$L$2:$L$3001,$A3)
A4: Other / Unassigned | B4: =B5-SUM(B2:B3) | C4: =C5-SUM(C2:C3) | D4: =D5-SUM(D2:D3) | E4: =E5-SUM(E2:E3) | F4: =F5-SUM(F2:F3) | G4: =G5-SUM(G2:G3)
A5: Grand Total | B5: =COUNTIF('Per Invoice'!$B$2:$B$3001,"?*") | C5: =SUM('Per Invoice'!$G$2:$G$3001) | D5: =SUM('Per Invoice'!$H$2:$H$3001) | E5: =SUM('Per Invoice'!$I$2:$I$3001) | F5: =SUM('Per Invoice'!$J$2:$J$3001) | G5: =SUM('Per Invoice'!$K$2:$K$3001)

Sheet Per Line
A1: Lot | B1: SSNBR | C1: So | D1: Status | E1: Dependent code | F1: Individual Number | G1: Provider code | H1: Provider Name | I1: real Provider Code | J1: real Provider Name | K1: Concat | L1: DIAG 1(ICD9) | M1: HZB ID | N1: Item code | O1: Globemed Item Code | P1: Item description | Q1: Comment1 | R1: Comment2 | S1: Alternative | T1: Unit Type Dispensed | U1: Svc Date | V1: Qty Approved | W1: Total Approved | X1: dis | Y1: Paid Amount | Z1: Subtotal | AA1: Co% | AB1: Rebates | AC1: Net Amt | AD1: Group No. | AE1: Certificate No. | AF1: Order Seq (helper)
X2: =IF(C2="","",W2*IF(AND(ISNUMBER(AB2),AB2>0,AB2<1),AB2*100,AB2)/100) | Y2: =IF(C2="","",AA2*Z2/100) | Z2: =IF(C2="","",W2-X2) | AC2: =IF(C2="","",Z2-Y2) | AF2: =IF(C2="","",N(AF1)+IF(MATCH(C2,$C$2:$C$7001,0)=ROW()-1,1,0))
X3: =IF(C3="","",W3*IF(AND(ISNUMBER(AB3),AB3>0,AB3<1),AB3*100,AB3)/100) | Y3: =IF(C3="","",AA3*Z3/100) | Z3: =IF(C3="","",W3-X3) | AC3: =IF(C3="","",Z3-Y3) | AF3: =IF(C3="","",N(AF2)+IF(MATCH(C3,$C$2:$C$7001,0)=ROW()-1,1,0))
X4: =IF(C4="","",W4*IF(AND(ISNUMBER(AB4),AB4>0,AB4<1),AB4*100,AB4)/100) | Y4: =IF(C4="","",AA4*Z4/100) | Z4: =IF(C4="","",W4-X4) | AC4: =IF(C4="","",Z4-Y4) | AF4: =IF(C4="","",N(AF3)+IF(MATCH(C4,$C$2:$C$7001,0)=ROW()-1,1,0))
X5: =IF(C5="","",W5*IF(AND(ISNUMBER(AB5),AB5>0,AB5<1),AB5*100,AB5)/100) | Y5: =IF(C5="","",AA5*Z5/100) | Z5: =IF(C5="","",W5-X5) | AC5: =IF(C5="","",Z5-Y5) | AF5: =IF(C5="","",N(AF4)+IF(MATCH(C5,$C$2:$C$7001,0)=ROW()-1,1,0))
X6: =IF(C6="","",W6*IF(AND(ISNUMBER(AB6),AB6>0,AB6<1),AB6*100,AB6)/100) | Y6: =IF(C6="","",AA6*Z6/100) | Z6: =IF(C6="","",W6-X6) | AC6: =IF(C6="","",Z6-Y6) | AF6: =IF(C6="","",N(AF5)+IF(MATCH(C6,$C$2:$C$7001,0)=ROW()-1,1,0))
X7: =IF(C7="","",W7*IF(AND(ISNUMBER(AB7),AB7>0,AB7<1),AB7*100,AB7)/100) | Y7: =IF(C7="","",AA7*Z7/100) | Z7: =IF(C7="","",W7-X7) | AC7: =IF(C7="","",Z7-Y7) | AF7: =IF(C7="","",N(AF6)+IF(MATCH(C7,$C$2:$C$7001,0)=ROW()-1,1,0))
X8: =IF(C8="","",W8*IF(AND(ISNUMBER(AB8),AB8>0,AB8<1),AB8*100,AB8)/100) | Y8: =IF(C8="","",AA8*Z8/100) | Z8: =IF(C8="","",W8-X8) | AC8: =IF(C8="","",Z8-Y8) | AF8: =IF(C8="","",N(AF7)+IF(MATCH(C8,$C$2:$C$7001,0)=ROW()-1,1,0))
X9: =IF(C9="","",W9*IF(AND(ISNUMBER(AB9),AB9>0,AB9<1),AB9*100,AB9)/100) | Y9: =IF(C9="","",AA9*Z9/100) | Z9: =IF(C9="","",W9-X9) | AC9: =IF(C9="","",Z9-Y9) | AF9: =IF(C9="","",N(AF8)+IF(MATCH(C9,$C$2:$C$7001,0)=ROW()-1,1,0))
X10: =IF(C10="","",W10*IF(AND(ISNUMBER(AB10),AB10>0,AB10<1),AB10*100,AB10)/100) | Y10: =IF(C10="","",AA10*Z10/100) | Z10: =IF(C10="","",W10-X10) | AC10: =IF(C10="","",Z10-Y10) | AF10: =IF(C10="","",N(AF9)+IF(MATCH(C10,$C$2:$C$7001,0)=ROW()-1,1,0))
X11: =IF(C11="","",W11*IF(AND(ISNUMBER(AB11),AB11>0,AB11<1),AB11*100,AB11)/100) | Y11: =IF(C11="","",AA11*Z11/100) | Z11: =IF(C11="","",W11-X11) | AC11: =IF(C11="","",Z11-Y11) | AF11: =IF(C11="","",N(AF10)+IF(MATCH(C11,$C$2:$C$7001,0)=ROW()-1,1,0))
X12: =IF(C12="","",W12*IF(AND(ISNUMBER(AB12),AB12>0,AB12<1),AB12*100,AB12)/100) | Y12: =IF(C12="","",AA12*Z12/100) | Z12: =IF(C12="","",W12-X12) | AC12: =IF(C12="","",Z12-Y12) | AF12: =IF(C12="","",N(AF11)+IF(MATCH(C12,$C$2:$C$7001,0)=ROW()-1,1,0))
X13: =IF(C13="","",W13*IF(AND(ISNUMBER(AB13),AB13>0,AB13<1),AB13*100,AB13)/100) | Y13: =IF(C13="","",AA13*Z13/100) | Z13: =IF(C13="","",W13-X13) | AC13: =IF(C13="","",Z13-Y13) | AF13: =IF(C13="","",N(AF12)+IF(MATCH(C13,$C$2:$C$7001,0)=ROW()-1,1,0))
... X7001: =IF(C7001="","",W7001*IF(AND(ISNUMBER(AB7001),AB7001>0,AB7001<1),AB7001*100,AB7001)/100) | Y7001: =IF(C7001="","",AA7001*Z7001/100) | Z7001: =IF(C7001="","",W7001-X7001) | AC7001: =IF(C7001="","",Z7001-Y7001) | AF7001: =IF(C7001="","",N(AF7000)+IF(MATCH(C7001,$C$2:$C$7001,0)=ROW()-1,1,0))

Sheet Per Invoice
A1: SSNBR | B1: So | C1: Lot | D1: Card | E1: ERX | F1: Svc Date | G1: Sum of Total Approved | H1: Sum of dis | I1: Sum of Paid Amount | J1: Sum of Subtotal | K1: Sum of Net Amt | L1: Seg | M1: Src Row (helper) | N1: Above Seq (helper) | O1: Below Seq (helper)
A2: =IF($M2="","",INDEX('Per Line'!$B$2:$B$7001,$M2)) | B2: =IF($M2="","",INDEX('Per Line'!$C$2:$C$7001,$M2)) | C2: =IF($M2="","",INDEX('Per Line'!$A$2:$A$7001,$M2)) | F2: =IF($M2="","",INDEX('Per Line'!$U$2:$U$7001,$M2)) | G2: =IF($M2="","",SUMIFS('Per Line'!$W$2:$W$7001,'Per Line'!$C$2:$C$7001,$B2)) | H2: =IF($M2="","",SUMIFS('Per Line'!$X$2:$X$7001,'Per Line'!$C$2:$C$7001,$B2)) | I2: =IF($M2="","",SUMIFS('Per Line'!$Y$2:$Y$7001,'Per Line'!$C$2:$C$7001,$B2)) | J2: =IF($M2="","",G2-H2) | K2: =IF($M2="","",J2-I2) | L2: =IF($M2="","",IFERROR(INDEX(Settings!$C$27:$C$36,MATCH(C2,Settings!$B$27:$B$36,0)),"Unassigned")) | M2: =IF(ROWS($M$2:$M2)<=MAX('Per Line'!$AF$2:$AF$7001),MATCH(ROWS($M$2:$M2),'Per Line'!$AF$2:$AF$7001,0),"") | N2: =IF(L2="Above",COUNTIF($L$2:L2,"Above"),"") | O2: =IF(L2="Below",COUNTIF($L$2:L2,"Below"),"")
A3: =IF($M3="","",INDEX('Per Line'!$B$2:$B$7001,$M3)) | B3: =IF($M3="","",INDEX('Per Line'!$C$2:$C$7001,$M3)) | C3: =IF($M3="","",INDEX('Per Line'!$A$2:$A$7001,$M3)) | F3: =IF($M3="","",INDEX('Per Line'!$U$2:$U$7001,$M3)) | G3: =IF($M3="","",SUMIFS('Per Line'!$W$2:$W$7001,'Per Line'!$C$2:$C$7001,$B3)) | H3: =IF($M3="","",SUMIFS('Per Line'!$X$2:$X$7001,'Per Line'!$C$2:$C$7001,$B3)) | I3: =IF($M3="","",SUMIFS('Per Line'!$Y$2:$Y$7001,'Per Line'!$C$2:$C$7001,$B3)) | J3: =IF($M3="","",G3-H3) | K3: =IF($M3="","",J3-I3) | L3: =IF($M3="","",IFERROR(INDEX(Settings!$C$27:$C$36,MATCH(C3,Settings!$B$27:$B$36,0)),"Unassigned")) | M3: =IF(ROWS($M$2:$M3)<=MAX('Per Line'!$AF$2:$AF$7001),MATCH(ROWS($M$2:$M3),'Per Line'!$AF$2:$AF$7001,0),"") | N3: =IF(L3="Above",COUNTIF($L$2:L3,"Above"),"") | O3: =IF(L3="Below",COUNTIF($L$2:L3,"Below"),"")
A4: =IF($M4="","",INDEX('Per Line'!$B$2:$B$7001,$M4)) | B4: =IF($M4="","",INDEX('Per Line'!$C$2:$C$7001,$M4)) | C4: =IF($M4="","",INDEX('Per Line'!$A$2:$A$7001,$M4)) | F4: =IF($M4="","",INDEX('Per Line'!$U$2:$U$7001,$M4)) | G4: =IF($M4="","",SUMIFS('Per Line'!$W$2:$W$7001,'Per Line'!$C$2:$C$7001,$B4)) | H4: =IF($M4="","",SUMIFS('Per Line'!$X$2:$X$7001,'Per Line'!$C$2:$C$7001,$B4)) | I4: =IF($M4="","",SUMIFS('Per Line'!$Y$2:$Y$7001,'Per Line'!$C$2:$C$7001,$B4)) | J4: =IF($M4="","",G4-H4) | K4: =IF($M4="","",J4-I4) | L4: =IF($M4="","",IFERROR(INDEX(Settings!$C$27:$C$36,MATCH(C4,Settings!$B$27:$B$36,0)),"Unassigned")) | M4: =IF(ROWS($M$2:$M4)<=MAX('Per Line'!$AF$2:$AF$7001),MATCH(ROWS($M$2:$M4),'Per Line'!$AF$2:$AF$7001,0),"") | N4: =IF(L4="Above",COUNTIF($L$2:L4,"Above"),"") | O4: =IF(L4="Below",COUNTIF($L$2:L4,"Below"),"")
A5: =IF($M5="","",INDEX('Per Line'!$B$2:$B$7001,$M5)) | B5: =IF($M5="","",INDEX('Per Line'!$C$2:$C$7001,$M5)) | C5: =IF($M5="","",INDEX('Per Line'!$A$2:$A$7001,$M5)) | F5: =IF($M5="","",INDEX('Per Line'!$U$2:$U$7001,$M5)) | G5: =IF($M5="","",SUMIFS('Per Line'!$W$2:$W$7001,'Per Line'!$C$2:$C$7001,$B5)) | H5: =IF($M5="","",SUMIFS('Per Line'!$X$2:$X$7001,'Per Line'!$C$2:$C$7001,$B5)) | I5: =IF($M5="","",SUMIFS('Per Line'!$Y$2:$Y$7001,'Per Line'!$C$2:$C$7001,$B5)) | J5: =IF($M5="","",G5-H5) | K5: =IF($M5="","",J5-I5) | L5: =IF($M5="","",IFERROR(INDEX(Settings!$C$27:$C$36,MATCH(C5,Settings!$B$27:$B$36,0)),"Unassigned")) | M5: =IF(ROWS($M$2:$M5)<=MAX('Per Line'!$AF$2:$AF$7001),MATCH(ROWS($M$2:$M5),'Per Line'!$AF$2:$AF$7001,0),"") | N5: =IF(L5="Above",COUNTIF($L$2:L5,"Above"),"") | O5: =IF(L5="Below",COUNTIF($L$2:L5,"Below"),"")
A6: =IF($M6="","",INDEX('Per Line'!$B$2:$B$7001,$M6)) | B6: =IF($M6="","",INDEX('Per Line'!$C$2:$C$7001,$M6)) | C6: =IF($M6="","",INDEX('Per Line'!$A$2:$A$7001,$M6)) | F6: =IF($M6="","",INDEX('Per Line'!$U$2:$U$7001,$M6)) | G6: =IF($M6="","",SUMIFS('Per Line'!$W$2:$W$7001,'Per Line'!$C$2:$C$7001,$B6)) | H6: =IF($M6="","",SUMIFS('Per Line'!$X$2:$X$7001,'Per Line'!$C$2:$C$7001,$B6)) | I6: =IF($M6="","",SUMIFS('Per Line'!$Y$2:$Y$7001,'Per Line'!$C$2:$C$7001,$B6)) | J6: =IF($M6="","",G6-H6) | K6: =IF($M6="","",J6-I6) | L6: =IF($M6="","",IFERROR(INDEX(Settings!$C$27:$C$36,MATCH(C6,Settings!$B$27:$B$36,0)),"Unassigned")) | M6: =IF(ROWS($M$2:$M6)<=MAX('Per Line'!$AF$2:$AF$7001),MATCH(ROWS($M$2:$M6),'Per Line'!$AF$2:$AF$7001,0),"") | N6: =IF(L6="Above",COUNTIF($L$2:L6,"Above"),"") | O6: =IF(L6="Below",COUNTIF($L$2:L6,"Below"),"")
A7: =IF($M7="","",INDEX('Per Line'!$B$2:$B$7001,$M7)) | B7: =IF($M7="","",INDEX('Per Line'!$C$2:$C$7001,$M7)) | C7: =IF($M7="","",INDEX('Per Line'!$A$2:$A$7001,$M7)) | F7: =IF($M7="","",INDEX('Per Line'!$U$2:$U$7001,$M7)) | G7: =IF($M7="","",SUMIFS('Per Line'!$W$2:$W$7001,'Per Line'!$C$2:$C$7001,$B7)) | H7: =IF($M7="","",SUMIFS('Per Line'!$X$2:$X$7001,'Per Line'!$C$2:$C$7001,$B7)) | I7: =IF($M7="","",SUMIFS('Per Line'!$Y$2:$Y$7001,'Per Line'!$C$2:$C$7001,$B7)) | J7: =IF($M7="","",G7-H7) | K7: =IF($M7="","",J7-I7) | L7: =IF($M7="","",IFERROR(INDEX(Settings!$C$27:$C$36,MATCH(C7,Settings!$B$27:$B$36,0)),"Unassigned")) | M7: =IF(ROWS($M$2:$M7)<=MAX('Per Line'!$AF$2:$AF$7001),MATCH(ROWS($M$2:$M7),'Per Line'!$AF$2:$AF$7001,0),"") | N7: =IF(L7="Above",COUNTIF($L$2:L7,"Above"),"") | O7: =IF(L7="Below",COUNTIF($L$2:L7,"Below"),"")
A8: =IF($M8="","",INDEX('Per Line'!$B$2:$B$7001,$M8)) | B8: =IF($M8="","",INDEX('Per Line'!$C$2:$C$7001,$M8)) | C8: =IF($M8="","",INDEX('Per Line'!$A$2:$A$7001,$M8)) | F8: =IF($M8="","",INDEX('Per Line'!$U$2:$U$7001,$M8)) | G8: =IF($M8="","",SUMIFS('Per Line'!$W$2:$W$7001,'Per Line'!$C$2:$C$7001,$B8)) | H8: =IF($M8="","",SUMIFS('Per Line'!$X$2:$X$7001,'Per Line'!$C$2:$C$7001,$B8)) | I8: =IF($M8="","",SUMIFS('Per Line'!$Y$2:$Y$7001,'Per Line'!$C$2:$C$7001,$B8)) | J8: =IF($M8="","",G8-H8) | K8: =IF($M8="","",J8-I8) | L8: =IF($M8="","",IFERROR(INDEX(Settings!$C$27:$C$36,MATCH(C8,Settings!$B$27:$B$36,0)),"Unassigned")) | M8: =IF(ROWS($M$2:$M8)<=MAX('Per Line'!$AF$2:$AF$7001),MATCH(ROWS($M$2:$M8),'Per Line'!$AF$2:$AF$7001,0),"") | N8: =IF(L8="Above",COUNTIF($L$2:L8,"Above"),"") | O8: =IF(L8="Below",COUNTIF($L$2:L8,"Below"),"")
A9: =IF($M9="","",INDEX('Per Line'!$B$2:$B$7001,$M9)) | B9: =IF($M9="","",INDEX('Per Line'!$C$2:$C$7001,$M9)) | C9: =IF($M9="","",INDEX('Per Line'!$A$2:$A$7001,$M9)) | F9: =IF($M9="","",INDEX('Per Line'!$U$2:$U$7001,$M9)) | G9: =IF($M9="","",SUMIFS('Per Line'!$W$2:$W$7001,'Per Line'!$C$2:$C$7001,$B9)) | H9: =IF($M9="","",SUMIFS('Per Line'!$X$2:$X$7001,'Per Line'!$C$2:$C$7001,$B9)) | I9: =IF($M9="","",SUMIFS('Per Line'!$Y$2:$Y$7001,'Per Line'!$C$2:$C$7001,$B9)) | J9: =IF($M9="","",G9-H9) | K9: =IF($M9="","",J9-I9) | L9: =IF($M9="","",IFERROR(INDEX(Settings!$C$27:$C$36,MATCH(C9,Settings!$B$27:$B$36,0)),"Unassigned")) | M9: =IF(ROWS($M$2:$M9)<=MAX('Per Line'!$AF$2:$AF$7001),MATCH(ROWS($M$2:$M9),'Per Line'!$AF$2:$AF$7001,0),"") | N9: =IF(L9="Above",COUNTIF($L$2:L9,"Above"),"") | O9: =IF(L9="Below",COUNTIF($L$2:L9,"Below"),"")
A10: =IF($M10="","",INDEX('Per Line'!$B$2:$B$7001,$M10)) | B10: =IF($M10="","",INDEX('Per Line'!$C$2:$C$7001,$M10)) | C10: =IF($M10="","",INDEX('Per Line'!$A$2:$A$7001,$M10)) | F10: =IF($M10="","",INDEX('Per Line'!$U$2:$U$7001,$M10)) | G10: =IF($M10="","",SUMIFS('Per Line'!$W$2:$W$7001,'Per Line'!$C$2:$C$7001,$B10)) | H10: =IF($M10="","",SUMIFS('Per Line'!$X$2:$X$7001,'Per Line'!$C$2:$C$7001,$B10)) | I10: =IF($M10="","",SUMIFS('Per Line'!$Y$2:$Y$7001,'Per Line'!$C$2:$C$7001,$B10)) | J10: =IF($M10="","",G10-H10) | K10: =IF($M10="","",J10-I10) | L10: =IF($M10="","",IFERROR(INDEX(Settings!$C$27:$C$36,MATCH(C10,Settings!$B$27:$B$36,0)),"Unassigned")) | M10: =IF(ROWS($M$2:$M10)<=MAX('Per Line'!$AF$2:$AF$7001),MATCH(ROWS($M$2:$M10),'Per Line'!$AF$2:$AF$7001,0),"") | N10: =IF(L10="Above",COUNTIF($L$2:L10,"Above"),"") | O10: =IF(L10="Below",COUNTIF($L$2:L10,"Below"),"")
A11: =IF($M11="","",INDEX('Per Line'!$B$2:$B$7001,$M11)) | B11: =IF($M11="","",INDEX('Per Line'!$C$2:$C$7001,$M11)) | C11: =IF($M11="","",INDEX('Per Line'!$A$2:$A$7001,$M11)) | F11: =IF($M11="","",INDEX('Per Line'!$U$2:$U$7001,$M11)) | G11: =IF($M11="","",SUMIFS('Per Line'!$W$2:$W$7001,'Per Line'!$C$2:$C$7001,$B11)) | H11: =IF($M11="","",SUMIFS('Per Line'!$X$2:$X$7001,'Per Line'!$C$2:$C$7001,$B11)) | I11: =IF($M11="","",SUMIFS('Per Line'!$Y$2:$Y$7001,'Per Line'!$C$2:$C$7001,$B11)) | J11: =IF($M11="","",G11-H11) | K11: =IF($M11="","",J11-I11) | L11: =IF($M11="","",IFERROR(INDEX(Settings!$C$27:$C$36,MATCH(C11,Settings!$B$27:$B$36,0)),"Unassigned")) | M11: =IF(ROWS($M$2:$M11)<=MAX('Per Line'!$AF$2:$AF$7001),MATCH(ROWS($M$2:$M11),'Per Line'!$AF$2:$AF$7001,0),"") | N11: =IF(L11="Above",COUNTIF($L$2:L11,"Above"),"") | O11: =IF(L11="Below",COUNTIF($L$2:L11,"Below"),"")
A12: =IF($M12="","",INDEX('Per Line'!$B$2:$B$7001,$M12)) | B12: =IF($M12="","",INDEX('Per Line'!$C$2:$C$7001,$M12)) | C12: =IF($M12="","",INDEX('Per Line'!$A$2:$A$7001,$M12)) | F12: =IF($M12="","",INDEX('Per Line'!$U$2:$U$7001,$M12)) | G12: =IF($M12="","",SUMIFS('Per Line'!$W$2:$W$7001,'Per Line'!$C$2:$C$7001,$B12)) | H12: =IF($M12="","",SUMIFS('Per Line'!$X$2:$X$7001,'Per Line'!$C$2:$C$7001,$B12)) | I12: =IF($M12="","",SUMIFS('Per Line'!$Y$2:$Y$7001,'Per Line'!$C$2:$C$7001,$B12)) | J12: =IF($M12="","",G12-H12) | K12: =IF($M12="","",J12-I12) | L12: =IF($M12="","",IFERROR(INDEX(Settings!$C$27:$C$36,MATCH(C12,Settings!$B$27:$B$36,0)),"Unassigned")) | M12: =IF(ROWS($M$2:$M12)<=MAX('Per Line'!$AF$2:$AF$7001),MATCH(ROWS($M$2:$M12),'Per Line'!$AF$2:$AF$7001,0),"") | N12: =IF(L12="Above",COUNTIF($L$2:L12,"Above"),"") | O12: =IF(L12="Below",COUNTIF($L$2:L12,"Below"),"")
A13: =IF($M13="","",INDEX('Per Line'!$B$2:$B$7001,$M13)) | B13: =IF($M13="","",INDEX('Per Line'!$C$2:$C$7001,$M13)) | C13: =IF($M13="","",INDEX('Per Line'!$A$2:$A$7001,$M13)) | F13: =IF($M13="","",INDEX('Per Line'!$U$2:$U$7001,$M13)) | G13: =IF($M13="","",SUMIFS('Per Line'!$W$2:$W$7001,'Per Line'!$C$2:$C$7001,$B13)) | H13: =IF($M13="","",SUMIFS('Per Line'!$X$2:$X$7001,'Per Line'!$C$2:$C$7001,$B13)) | I13: =IF($M13="","",SUMIFS('Per Line'!$Y$2:$Y$7001,'Per Line'!$C$2:$C$7001,$B13)) | J13: =IF($M13="","",G13-H13) | K13: =IF($M13="","",J13-I13) | L13: =IF($M13="","",IFERROR(INDEX(Settings!$C$27:$C$36,MATCH(C13,Settings!$B$27:$B$36,0)),"Unassigned")) | M13: =IF(ROWS($M$2:$M13)<=MAX('Per Line'!$AF$2:$AF$7001),MATCH(ROWS($M$2:$M13),'Per Line'!$AF$2:$AF$7001,0),"") | N13: =IF(L13="Above",COUNTIF($L$2:L13,"Above"),"") | O13: =IF(L13="Below",COUNTIF($L$2:L13,"Below"),"")
... A3001: =IF($M3001="","",INDEX('Per Line'!$B$2:$B$7001,$M3001)) | B3001: =IF($M3001="","",INDEX('Per Line'!$C$2:$C$7001,$M3001)) | C3001: =IF($M3001="","",INDEX('Per Line'!$A$2:$A$7001,$M3001)) | F3001: =IF($M3001="","",INDEX('Per Line'!$U$2:$U$7001,$M3001)) | G3001: =IF($M3001="","",SUMIFS('Per Line'!$W$2:$W$7001,'Per Line'!$C$2:$C$7001,$B3001)) | H3001: =IF($M3001="","",SUMIFS('Per Line'!$X$2:$X$7001,'Per Line'!$C$2:$C$7001,$B3001)) | I3001: =IF($M3001="","",SUMIFS('Per Line'!$Y$2:$Y$7001,'Per Line'!$C$2:$C$7001,$B3001)) | J3001: =IF($M3001="","",G3001-H3001) | K3001: =IF($M3001="","",J3001-I3001) | L3001: =IF($M3001="","",IFERROR(INDEX(Settings!$C$27:$C$36,MATCH(C3001,Settings!$B$27:$B$36,0)),"Unassigned")) | M3001: =IF(ROWS($M$2:$M3001)<=MAX('Per Line'!$AF$2:$AF$7001),MATCH(ROWS($M$2:$M3001),'Per Line'!$AF$2:$AF$7001,0),"") | N3001: =IF(L3001="Above",COUNTIF($L$2:L3001,"Above"),"") | O3001: =IF(L3001="Below",COUNTIF($L$2:L3001,"Below"),"")

Sheet Per Invoice Above
A1: SSNBR | B1: So | C1: Lot | D1: Card | E1: ERX | F1: Svc Date | G1: Sum of Total Approved | H1: Sum of dis | I1: Sum of Paid Amount | J1: Sum of Subtotal | K1: Sum of Net Amt | L1: Seg | M1: Per Invoice Row (helper)
A2: =IF($M2="","",IF(INDEX('Per Invoice'!$A$2:$A$3001,$M2)="","",INDEX('Per Invoice'!$A$2:$A$3001,$M2))) | B2: =IF($M2="","",IF(INDEX('Per Invoice'!$B$2:$B$3001,$M2)="","",INDEX('Per Invoice'!$B$2:$B$3001,$M2))) | C2: =IF($M2="","",IF(INDEX('Per Invoice'!$C$2:$C$3001,$M2)="","",INDEX('Per Invoice'!$C$2:$C$3001,$M2))) | D2: =IF($M2="","",IF(INDEX('Per Invoice'!$D$2:$D$3001,$M2)="","",INDEX('Per Invoice'!$D$2:$D$3001,$M2))) | E2: =IF($M2="","",IF(INDEX('Per Invoice'!$E$2:$E$3001,$M2)="","",INDEX('Per Invoice'!$E$2:$E$3001,$M2))) | F2: =IF($M2="","",IF(INDEX('Per Invoice'!$F$2:$F$3001,$M2)="","",INDEX('Per Invoice'!$F$2:$F$3001,$M2))) | G2: =IF($M2="","",IF(INDEX('Per Invoice'!$G$2:$G$3001,$M2)="","",INDEX('Per Invoice'!$G$2:$G$3001,$M2))) | H2: =IF($M2="","",IF(INDEX('Per Invoice'!$H$2:$H$3001,$M2)="","",INDEX('Per Invoice'!$H$2:$H$3001,$M2))) | I2: =IF($M2="","",IF(INDEX('Per Invoice'!$I$2:$I$3001,$M2)="","",INDEX('Per Invoice'!$I$2:$I$3001,$M2))) | J2: =IF($M2="","",IF(INDEX('Per Invoice'!$J$2:$J$3001,$M2)="","",INDEX('Per Invoice'!$J$2:$J$3001,$M2))) | K2: =IF($M2="","",IF(INDEX('Per Invoice'!$K$2:$K$3001,$M2)="","",INDEX('Per Invoice'!$K$2:$K$3001,$M2))) | L2: =IF($M2="","",IF(INDEX('Per Invoice'!$L$2:$L$3001,$M2)="","",INDEX('Per Invoice'!$L$2:$L$3001,$M2))) | M2: =IF(ROWS($M$2:$M2)<=COUNT('Per Invoice'!$N$2:$N$3001),MATCH(ROWS($M$2:$M2),'Per Invoice'!$N$2:$N$3001,0),"")
A3: =IF($M3="","",IF(INDEX('Per Invoice'!$A$2:$A$3001,$M3)="","",INDEX('Per Invoice'!$A$2:$A$3001,$M3))) | B3: =IF($M3="","",IF(INDEX('Per Invoice'!$B$2:$B$3001,$M3)="","",INDEX('Per Invoice'!$B$2:$B$3001,$M3))) | C3: =IF($M3="","",IF(INDEX('Per Invoice'!$C$2:$C$3001,$M3)="","",INDEX('Per Invoice'!$C$2:$C$3001,$M3))) | D3: =IF($M3="","",IF(INDEX('Per Invoice'!$D$2:$D$3001,$M3)="","",INDEX('Per Invoice'!$D$2:$D$3001,$M3))) | E3: =IF($M3="","",IF(INDEX('Per Invoice'!$E$2:$E$3001,$M3)="","",INDEX('Per Invoice'!$E$2:$E$3001,$M3))) | F3: =IF($M3="","",IF(INDEX('Per Invoice'!$F$2:$F$3001,$M3)="","",INDEX('Per Invoice'!$F$2:$F$3001,$M3))) | G3: =IF($M3="","",IF(INDEX('Per Invoice'!$G$2:$G$3001,$M3)="","",INDEX('Per Invoice'!$G$2:$G$3001,$M3))) | H3: =IF($M3="","",IF(INDEX('Per Invoice'!$H$2:$H$3001,$M3)="","",INDEX('Per Invoice'!$H$2:$H$3001,$M3))) | I3: =IF($M3="","",IF(INDEX('Per Invoice'!$I$2:$I$3001,$M3)="","",INDEX('Per Invoice'!$I$2:$I$3001,$M3))) | J3: =IF($M3="","",IF(INDEX('Per Invoice'!$J$2:$J$3001,$M3)="","",INDEX('Per Invoice'!$J$2:$J$3001,$M3))) | K3: =IF($M3="","",IF(INDEX('Per Invoice'!$K$2:$K$3001,$M3)="","",INDEX('Per Invoice'!$K$2:$K$3001,$M3))) | L3: =IF($M3="","",IF(INDEX('Per Invoice'!$L$2:$L$3001,$M3)="","",INDEX('Per Invoice'!$L$2:$L$3001,$M3))) | M3: =IF(ROWS($M$2:$M3)<=COUNT('Per Invoice'!$N$2:$N$3001),MATCH(ROWS($M$2:$M3),'Per Invoice'!$N$2:$N$3001,0),"")
A4: =IF($M4="","",IF(INDEX('Per Invoice'!$A$2:$A$3001,$M4)="","",INDEX('Per Invoice'!$A$2:$A$3001,$M4))) | B4: =IF($M4="","",IF(INDEX('Per Invoice'!$B$2:$B$3001,$M4)="","",INDEX('Per Invoice'!$B$2:$B$3001,$M4))) | C4: =IF($M4="","",IF(INDEX('Per Invoice'!$C$2:$C$3001,$M4)="","",INDEX('Per Invoice'!$C$2:$C$3001,$M4))) | D4: =IF($M4="","",IF(INDEX('Per Invoice'!$D$2:$D$3001,$M4)="","",INDEX('Per Invoice'!$D$2:$D$3001,$M4))) | E4: =IF($M4="","",IF(INDEX('Per Invoice'!$E$2:$E$3001,$M4)="","",INDEX('Per Invoice'!$E$2:$E$3001,$M4))) | F4: =IF($M4="","",IF(INDEX('Per Invoice'!$F$2:$F$3001,$M4)="","",INDEX('Per Invoice'!$F$2:$F$3001,$M4))) | G4: =IF($M4="","",IF(INDEX('Per Invoice'!$G$2:$G$3001,$M4)="","",INDEX('Per Invoice'!$G$2:$G$3001,$M4))) | H4: =IF($M4="","",IF(INDEX('Per Invoice'!$H$2:$H$3001,$M4)="","",INDEX('Per Invoice'!$H$2:$H$3001,$M4))) | I4: =IF($M4="","",IF(INDEX('Per Invoice'!$I$2:$I$3001,$M4)="","",INDEX('Per Invoice'!$I$2:$I$3001,$M4))) | J4: =IF($M4="","",IF(INDEX('Per Invoice'!$J$2:$J$3001,$M4)="","",INDEX('Per Invoice'!$J$2:$J$3001,$M4))) | K4: =IF($M4="","",IF(INDEX('Per Invoice'!$K$2:$K$3001,$M4)="","",INDEX('Per Invoice'!$K$2:$K$3001,$M4))) | L4: =IF($M4="","",IF(INDEX('Per Invoice'!$L$2:$L$3001,$M4)="","",INDEX('Per Invoice'!$L$2:$L$3001,$M4))) | M4: =IF(ROWS($M$2:$M4)<=COUNT('Per Invoice'!$N$2:$N$3001),MATCH(ROWS($M$2:$M4),'Per Invoice'!$N$2:$N$3001,0),"")
A5: =IF($M5="","",IF(INDEX('Per Invoice'!$A$2:$A$3001,$M5)="","",INDEX('Per Invoice'!$A$2:$A$3001,$M5))) | B5: =IF($M5="","",IF(INDEX('Per Invoice'!$B$2:$B$3001,$M5)="","",INDEX('Per Invoice'!$B$2:$B$3001,$M5))) | C5: =IF($M5="","",IF(INDEX('Per Invoice'!$C$2:$C$3001,$M5)="","",INDEX('Per Invoice'!$C$2:$C$3001,$M5))) | D5: =IF($M5="","",IF(INDEX('Per Invoice'!$D$2:$D$3001,$M5)="","",INDEX('Per Invoice'!$D$2:$D$3001,$M5))) | E5: =IF($M5="","",IF(INDEX('Per Invoice'!$E$2:$E$3001,$M5)="","",INDEX('Per Invoice'!$E$2:$E$3001,$M5))) | F5: =IF($M5="","",IF(INDEX('Per Invoice'!$F$2:$F$3001,$M5)="","",INDEX('Per Invoice'!$F$2:$F$3001,$M5))) | G5: =IF($M5="","",IF(INDEX('Per Invoice'!$G$2:$G$3001,$M5)="","",INDEX('Per Invoice'!$G$2:$G$3001,$M5))) | H5: =IF($M5="","",IF(INDEX('Per Invoice'!$H$2:$H$3001,$M5)="","",INDEX('Per Invoice'!$H$2:$H$3001,$M5))) | I5: =IF($M5="","",IF(INDEX('Per Invoice'!$I$2:$I$3001,$M5)="","",INDEX('Per Invoice'!$I$2:$I$3001,$M5))) | J5: =IF($M5="","",IF(INDEX('Per Invoice'!$J$2:$J$3001,$M5)="","",INDEX('Per Invoice'!$J$2:$J$3001,$M5))) | K5: =IF($M5="","",IF(INDEX('Per Invoice'!$K$2:$K$3001,$M5)="","",INDEX('Per Invoice'!$K$2:$K$3001,$M5))) | L5: =IF($M5="","",IF(INDEX('Per Invoice'!$L$2:$L$3001,$M5)="","",INDEX('Per Invoice'!$L$2:$L$3001,$M5))) | M5: =IF(ROWS($M$2:$M5)<=COUNT('Per Invoice'!$N$2:$N$3001),MATCH(ROWS($M$2:$M5),'Per Invoice'!$N$2:$N$3001,0),"")
A6: =IF($M6="","",IF(INDEX('Per Invoice'!$A$2:$A$3001,$M6)="","",INDEX('Per Invoice'!$A$2:$A$3001,$M6))) | B6: =IF($M6="","",IF(INDEX('Per Invoice'!$B$2:$B$3001,$M6)="","",INDEX('Per Invoice'!$B$2:$B$3001,$M6))) | C6: =IF($M6="","",IF(INDEX('Per Invoice'!$C$2:$C$3001,$M6)="","",INDEX('Per Invoice'!$C$2:$C$3001,$M6))) | D6: =IF($M6="","",IF(INDEX('Per Invoice'!$D$2:$D$3001,$M6)="","",INDEX('Per Invoice'!$D$2:$D$3001,$M6))) | E6: =IF($M6="","",IF(INDEX('Per Invoice'!$E$2:$E$3001,$M6)="","",INDEX('Per Invoice'!$E$2:$E$3001,$M6))) | F6: =IF($M6="","",IF(INDEX('Per Invoice'!$F$2:$F$3001,$M6)="","",INDEX('Per Invoice'!$F$2:$F$3001,$M6))) | G6: =IF($M6="","",IF(INDEX('Per Invoice'!$G$2:$G$3001,$M6)="","",INDEX('Per Invoice'!$G$2:$G$3001,$M6))) | H6: =IF($M6="","",IF(INDEX('Per Invoice'!$H$2:$H$3001,$M6)="","",INDEX('Per Invoice'!$H$2:$H$3001,$M6))) | I6: =IF($M6="","",IF(INDEX('Per Invoice'!$I$2:$I$3001,$M6)="","",INDEX('Per Invoice'!$I$2:$I$3001,$M6))) | J6: =IF($M6="","",IF(INDEX('Per Invoice'!$J$2:$J$3001,$M6)="","",INDEX('Per Invoice'!$J$2:$J$3001,$M6))) | K6: =IF($M6="","",IF(INDEX('Per Invoice'!$K$2:$K$3001,$M6)="","",INDEX('Per Invoice'!$K$2:$K$3001,$M6))) | L6: =IF($M6="","",IF(INDEX('Per Invoice'!$L$2:$L$3001,$M6)="","",INDEX('Per Invoice'!$L$2:$L$3001,$M6))) | M6: =IF(ROWS($M$2:$M6)<=COUNT('Per Invoice'!$N$2:$N$3001),MATCH(ROWS($M$2:$M6),'Per Invoice'!$N$2:$N$3001,0),"")
A7: =IF($M7="","",IF(INDEX('Per Invoice'!$A$2:$A$3001,$M7)="","",INDEX('Per Invoice'!$A$2:$A$3001,$M7))) | B7: =IF($M7="","",IF(INDEX('Per Invoice'!$B$2:$B$3001,$M7)="","",INDEX('Per Invoice'!$B$2:$B$3001,$M7))) | C7: =IF($M7="","",IF(INDEX('Per Invoice'!$C$2:$C$3001,$M7)="","",INDEX('Per Invoice'!$C$2:$C$3001,$M7))) | D7: =IF($M7="","",IF(INDEX('Per Invoice'!$D$2:$D$3001,$M7)="","",INDEX('Per Invoice'!$D$2:$D$3001,$M7))) | E7: =IF($M7="","",IF(INDEX('Per Invoice'!$E$2:$E$3001,$M7)="","",INDEX('Per Invoice'!$E$2:$E$3001,$M7))) | F7: =IF($M7="","",IF(INDEX('Per Invoice'!$F$2:$F$3001,$M7)="","",INDEX('Per Invoice'!$F$2:$F$3001,$M7))) | G7: =IF($M7="","",IF(INDEX('Per Invoice'!$G$2:$G$3001,$M7)="","",INDEX('Per Invoice'!$G$2:$G$3001,$M7))) | H7: =IF($M7="","",IF(INDEX('Per Invoice'!$H$2:$H$3001,$M7)="","",INDEX('Per Invoice'!$H$2:$H$3001,$M7))) | I7: =IF($M7="","",IF(INDEX('Per Invoice'!$I$2:$I$3001,$M7)="","",INDEX('Per Invoice'!$I$2:$I$3001,$M7))) | J7: =IF($M7="","",IF(INDEX('Per Invoice'!$J$2:$J$3001,$M7)="","",INDEX('Per Invoice'!$J$2:$J$3001,$M7))) | K7: =IF($M7="","",IF(INDEX('Per Invoice'!$K$2:$K$3001,$M7)="","",INDEX('Per Invoice'!$K$2:$K$3001,$M7))) | L7: =IF($M7="","",IF(INDEX('Per Invoice'!$L$2:$L$3001,$M7)="","",INDEX('Per Invoice'!$L$2:$L$3001,$M7))) | M7: =IF(ROWS($M$2:$M7)<=COUNT('Per Invoice'!$N$2:$N$3001),MATCH(ROWS($M$2:$M7),'Per Invoice'!$N$2:$N$3001,0),"")
A8: =IF($M8="","",IF(INDEX('Per Invoice'!$A$2:$A$3001,$M8)="","",INDEX('Per Invoice'!$A$2:$A$3001,$M8))) | B8: =IF($M8="","",IF(INDEX('Per Invoice'!$B$2:$B$3001,$M8)="","",INDEX('Per Invoice'!$B$2:$B$3001,$M8))) | C8: =IF($M8="","",IF(INDEX('Per Invoice'!$C$2:$C$3001,$M8)="","",INDEX('Per Invoice'!$C$2:$C$3001,$M8))) | D8: =IF($M8="","",IF(INDEX('Per Invoice'!$D$2:$D$3001,$M8)="","",INDEX('Per Invoice'!$D$2:$D$3001,$M8))) | E8: =IF($M8="","",IF(INDEX('Per Invoice'!$E$2:$E$3001,$M8)="","",INDEX('Per Invoice'!$E$2:$E$3001,$M8))) | F8: =IF($M8="","",IF(INDEX('Per Invoice'!$F$2:$F$3001,$M8)="","",INDEX('Per Invoice'!$F$2:$F$3001,$M8))) | G8: =IF($M8="","",IF(INDEX('Per Invoice'!$G$2:$G$3001,$M8)="","",INDEX('Per Invoice'!$G$2:$G$3001,$M8))) | H8: =IF($M8="","",IF(INDEX('Per Invoice'!$H$2:$H$3001,$M8)="","",INDEX('Per Invoice'!$H$2:$H$3001,$M8))) | I8: =IF($M8="","",IF(INDEX('Per Invoice'!$I$2:$I$3001,$M8)="","",INDEX('Per Invoice'!$I$2:$I$3001,$M8))) | J8: =IF($M8="","",IF(INDEX('Per Invoice'!$J$2:$J$3001,$M8)="","",INDEX('Per Invoice'!$J$2:$J$3001,$M8))) | K8: =IF($M8="","",IF(INDEX('Per Invoice'!$K$2:$K$3001,$M8)="","",INDEX('Per Invoice'!$K$2:$K$3001,$M8))) | L8: =IF($M8="","",IF(INDEX('Per Invoice'!$L$2:$L$3001,$M8)="","",INDEX('Per Invoice'!$L$2:$L$3001,$M8))) | M8: =IF(ROWS($M$2:$M8)<=COUNT('Per Invoice'!$N$2:$N$3001),MATCH(ROWS($M$2:$M8),'Per Invoice'!$N$2:$N$3001,0),"")
A9: =IF($M9="","",IF(INDEX('Per Invoice'!$A$2:$A$3001,$M9)="","",INDEX('Per Invoice'!$A$2:$A$3001,$M9))) | B9: =IF($M9="","",IF(INDEX('Per Invoice'!$B$2:$B$3001,$M9)="","",INDEX('Per Invoice'!$B$2:$B$3001,$M9))) | C9: =IF($M9="","",IF(INDEX('Per Invoice'!$C$2:$C$3001,$M9)="","",INDEX('Per Invoice'!$C$2:$C$3001,$M9))) | D9: =IF($M9="","",IF(INDEX('Per Invoice'!$D$2:$D$3001,$M9)="","",INDEX('Per Invoice'!$D$2:$D$3001,$M9))) | E9: =IF($M9="","",IF(INDEX('Per Invoice'!$E$2:$E$3001,$M9)="","",INDEX('Per Invoice'!$E$2:$E$3001,$M9))) | F9: =IF($M9="","",IF(INDEX('Per Invoice'!$F$2:$F$3001,$M9)="","",INDEX('Per Invoice'!$F$2:$F$3001,$M9))) | G9: =IF($M9="","",IF(INDEX('Per Invoice'!$G$2:$G$3001,$M9)="","",INDEX('Per Invoice'!$G$2:$G$3001,$M9))) | H9: =IF($M9="","",IF(INDEX('Per Invoice'!$H$2:$H$3001,$M9)="","",INDEX('Per Invoice'!$H$2:$H$3001,$M9))) | I9: =IF($M9="","",IF(INDEX('Per Invoice'!$I$2:$I$3001,$M9)="","",INDEX('Per Invoice'!$I$2:$I$3001,$M9))) | J9: =IF($M9="","",IF(INDEX('Per Invoice'!$J$2:$J$3001,$M9)="","",INDEX('Per Invoice'!$J$2:$J$3001,$M9))) | K9: =IF($M9="","",IF(INDEX('Per Invoice'!$K$2:$K$3001,$M9)="","",INDEX('Per Invoice'!$K$2:$K$3001,$M9))) | L9: =IF($M9="","",IF(INDEX('Per Invoice'!$L$2:$L$3001,$M9)="","",INDEX('Per Invoice'!$L$2:$L$3001,$M9))) | M9: =IF(ROWS($M$2:$M9)<=COUNT('Per Invoice'!$N$2:$N$3001),MATCH(ROWS($M$2:$M9),'Per Invoice'!$N$2:$N$3001,0),"")
A10: =IF($M10="","",IF(INDEX('Per Invoice'!$A$2:$A$3001,$M10)="","",INDEX('Per Invoice'!$A$2:$A$3001,$M10))) | B10: =IF($M10="","",IF(INDEX('Per Invoice'!$B$2:$B$3001,$M10)="","",INDEX('Per Invoice'!$B$2:$B$3001,$M10))) | C10: =IF($M10="","",IF(INDEX('Per Invoice'!$C$2:$C$3001,$M10)="","",INDEX('Per Invoice'!$C$2:$C$3001,$M10))) | D10: =IF($M10="","",IF(INDEX('Per Invoice'!$D$2:$D$3001,$M10)="","",INDEX('Per Invoice'!$D$2:$D$3001,$M10))) | E10: =IF($M10="","",IF(INDEX('Per Invoice'!$E$2:$E$3001,$M10)="","",INDEX('Per Invoice'!$E$2:$E$3001,$M10))) | F10: =IF($M10="","",IF(INDEX('Per Invoice'!$F$2:$F$3001,$M10)="","",INDEX('Per Invoice'!$F$2:$F$3001,$M10))) | G10: =IF($M10="","",IF(INDEX('Per Invoice'!$G$2:$G$3001,$M10)="","",INDEX('Per Invoice'!$G$2:$G$3001,$M10))) | H10: =IF($M10="","",IF(INDEX('Per Invoice'!$H$2:$H$3001,$M10)="","",INDEX('Per Invoice'!$H$2:$H$3001,$M10))) | I10: =IF($M10="","",IF(INDEX('Per Invoice'!$I$2:$I$3001,$M10)="","",INDEX('Per Invoice'!$I$2:$I$3001,$M10))) | J10: =IF($M10="","",IF(INDEX('Per Invoice'!$J$2:$J$3001,$M10)="","",INDEX('Per Invoice'!$J$2:$J$3001,$M10))) | K10: =IF($M10="","",IF(INDEX('Per Invoice'!$K$2:$K$3001,$M10)="","",INDEX('Per Invoice'!$K$2:$K$3001,$M10))) | L10: =IF($M10="","",IF(INDEX('Per Invoice'!$L$2:$L$3001,$M10)="","",INDEX('Per Invoice'!$L$2:$L$3001,$M10))) | M10: =IF(ROWS($M$2:$M10)<=COUNT('Per Invoice'!$N$2:$N$3001),MATCH(ROWS($M$2:$M10),'Per Invoice'!$N$2:$N$3001,0),"")
A11: =IF($M11="","",IF(INDEX('Per Invoice'!$A$2:$A$3001,$M11)="","",INDEX('Per Invoice'!$A$2:$A$3001,$M11))) | B11: =IF($M11="","",IF(INDEX('Per Invoice'!$B$2:$B$3001,$M11)="","",INDEX('Per Invoice'!$B$2:$B$3001,$M11))) | C11: =IF($M11="","",IF(INDEX('Per Invoice'!$C$2:$C$3001,$M11)="","",INDEX('Per Invoice'!$C$2:$C$3001,$M11))) | D11: =IF($M11="","",IF(INDEX('Per Invoice'!$D$2:$D$3001,$M11)="","",INDEX('Per Invoice'!$D$2:$D$3001,$M11))) | E11: =IF($M11="","",IF(INDEX('Per Invoice'!$E$2:$E$3001,$M11)="","",INDEX('Per Invoice'!$E$2:$E$3001,$M11))) | F11: =IF($M11="","",IF(INDEX('Per Invoice'!$F$2:$F$3001,$M11)="","",INDEX('Per Invoice'!$F$2:$F$3001,$M11))) | G11: =IF($M11="","",IF(INDEX('Per Invoice'!$G$2:$G$3001,$M11)="","",INDEX('Per Invoice'!$G$2:$G$3001,$M11))) | H11: =IF($M11="","",IF(INDEX('Per Invoice'!$H$2:$H$3001,$M11)="","",INDEX('Per Invoice'!$H$2:$H$3001,$M11))) | I11: =IF($M11="","",IF(INDEX('Per Invoice'!$I$2:$I$3001,$M11)="","",INDEX('Per Invoice'!$I$2:$I$3001,$M11))) | J11: =IF($M11="","",IF(INDEX('Per Invoice'!$J$2:$J$3001,$M11)="","",INDEX('Per Invoice'!$J$2:$J$3001,$M11))) | K11: =IF($M11="","",IF(INDEX('Per Invoice'!$K$2:$K$3001,$M11)="","",INDEX('Per Invoice'!$K$2:$K$3001,$M11))) | L11: =IF($M11="","",IF(INDEX('Per Invoice'!$L$2:$L$3001,$M11)="","",INDEX('Per Invoice'!$L$2:$L$3001,$M11))) | M11: =IF(ROWS($M$2:$M11)<=COUNT('Per Invoice'!$N$2:$N$3001),MATCH(ROWS($M$2:$M11),'Per Invoice'!$N$2:$N$3001,0),"")
A12: =IF($M12="","",IF(INDEX('Per Invoice'!$A$2:$A$3001,$M12)="","",INDEX('Per Invoice'!$A$2:$A$3001,$M12))) | B12: =IF($M12="","",IF(INDEX('Per Invoice'!$B$2:$B$3001,$M12)="","",INDEX('Per Invoice'!$B$2:$B$3001,$M12))) | C12: =IF($M12="","",IF(INDEX('Per Invoice'!$C$2:$C$3001,$M12)="","",INDEX('Per Invoice'!$C$2:$C$3001,$M12))) | D12: =IF($M12="","",IF(INDEX('Per Invoice'!$D$2:$D$3001,$M12)="","",INDEX('Per Invoice'!$D$2:$D$3001,$M12))) | E12: =IF($M12="","",IF(INDEX('Per Invoice'!$E$2:$E$3001,$M12)="","",INDEX('Per Invoice'!$E$2:$E$3001,$M12))) | F12: =IF($M12="","",IF(INDEX('Per Invoice'!$F$2:$F$3001,$M12)="","",INDEX('Per Invoice'!$F$2:$F$3001,$M12))) | G12: =IF($M12="","",IF(INDEX('Per Invoice'!$G$2:$G$3001,$M12)="","",INDEX('Per Invoice'!$G$2:$G$3001,$M12))) | H12: =IF($M12="","",IF(INDEX('Per Invoice'!$H$2:$H$3001,$M12)="","",INDEX('Per Invoice'!$H$2:$H$3001,$M12))) | I12: =IF($M12="","",IF(INDEX('Per Invoice'!$I$2:$I$3001,$M12)="","",INDEX('Per Invoice'!$I$2:$I$3001,$M12))) | J12: =IF($M12="","",IF(INDEX('Per Invoice'!$J$2:$J$3001,$M12)="","",INDEX('Per Invoice'!$J$2:$J$3001,$M12))) | K12: =IF($M12="","",IF(INDEX('Per Invoice'!$K$2:$K$3001,$M12)="","",INDEX('Per Invoice'!$K$2:$K$3001,$M12))) | L12: =IF($M12="","",IF(INDEX('Per Invoice'!$L$2:$L$3001,$M12)="","",INDEX('Per Invoice'!$L$2:$L$3001,$M12))) | M12: =IF(ROWS($M$2:$M12)<=COUNT('Per Invoice'!$N$2:$N$3001),MATCH(ROWS($M$2:$M12),'Per Invoice'!$N$2:$N$3001,0),"")
A13: =IF($M13="","",IF(INDEX('Per Invoice'!$A$2:$A$3001,$M13)="","",INDEX('Per Invoice'!$A$2:$A$3001,$M13))) | B13: =IF($M13="","",IF(INDEX('Per Invoice'!$B$2:$B$3001,$M13)="","",INDEX('Per Invoice'!$B$2:$B$3001,$M13))) | C13: =IF($M13="","",IF(INDEX('Per Invoice'!$C$2:$C$3001,$M13)="","",INDEX('Per Invoice'!$C$2:$C$3001,$M13))) | D13: =IF($M13="","",IF(INDEX('Per Invoice'!$D$2:$D$3001,$M13)="","",INDEX('Per Invoice'!$D$2:$D$3001,$M13))) | E13: =IF($M13="","",IF(INDEX('Per Invoice'!$E$2:$E$3001,$M13)="","",INDEX('Per Invoice'!$E$2:$E$3001,$M13))) | F13: =IF($M13="","",IF(INDEX('Per Invoice'!$F$2:$F$3001,$M13)="","",INDEX('Per Invoice'!$F$2:$F$3001,$M13))) | G13: =IF($M13="","",IF(INDEX('Per Invoice'!$G$2:$G$3001,$M13)="","",INDEX('Per Invoice'!$G$2:$G$3001,$M13))) | H13: =IF($M13="","",IF(INDEX('Per Invoice'!$H$2:$H$3001,$M13)="","",INDEX('Per Invoice'!$H$2:$H$3001,$M13))) | I13: =IF($M13="","",IF(INDEX('Per Invoice'!$I$2:$I$3001,$M13)="","",INDEX('Per Invoice'!$I$2:$I$3001,$M13))) | J13: =IF($M13="","",IF(INDEX('Per Invoice'!$J$2:$J$3001,$M13)="","",INDEX('Per Invoice'!$J$2:$J$3001,$M13))) | K13: =IF($M13="","",IF(INDEX('Per Invoice'!$K$2:$K$3001,$M13)="","",INDEX('Per Invoice'!$K$2:$K$3001,$M13))) | L13: =IF($M13="","",IF(INDEX('Per Invoice'!$L$2:$L$3001,$M13)="","",INDEX('Per Invoice'!$L$2:$L$3001,$M13))) | M13: =IF(ROWS($M$2:$M13)<=COUNT('Per Invoice'!$N$2:$N$3001),MATCH(ROWS($M$2:$M13),'Per Invoice'!$N$2:$N$3001,0),"")
... A3001: =IF($M3001="","",IF(INDEX('Per Invoice'!$A$2:$A$3001,$M3001)="","",INDEX('Per Invoice'!$A$2:$A$3001,$M3001))) | B3001: =IF($M3001="","",IF(INDEX('Per Invoice'!$B$2:$B$3001,$M3001)="","",INDEX('Per Invoice'!$B$2:$B$3001,$M3001))) | C3001: =IF($M3001="","",IF(INDEX('Per Invoice'!$C$2:$C$3001,$M3001)="","",INDEX('Per Invoice'!$C$2:$C$3001,$M3001))) | D3001: =IF($M3001="","",IF(INDEX('Per Invoice'!$D$2:$D$3001,$M3001)="","",INDEX('Per Invoice'!$D$2:$D$3001,$M3001))) | E3001: =IF($M3001="","",IF(INDEX('Per Invoice'!$E$2:$E$3001,$M3001)="","",INDEX('Per Invoice'!$E$2:$E$3001,$M3001))) | F3001: =IF($M3001="","",IF(INDEX('Per Invoice'!$F$2:$F$3001,$M3001)="","",INDEX('Per Invoice'!$F$2:$F$3001,$M3001))) | G3001: =IF($M3001="","",IF(INDEX('Per Invoice'!$G$2:$G$3001,$M3001)="","",INDEX('Per Invoice'!$G$2:$G$3001,$M3001))) | H3001: =IF($M3001="","",IF(INDEX('Per Invoice'!$H$2:$H$3001,$M3001)="","",INDEX('Per Invoice'!$H$2:$H$3001,$M3001))) | I3001: =IF($M3001="","",IF(INDEX('Per Invoice'!$I$2:$I$3001,$M3001)="","",INDEX('Per Invoice'!$I$2:$I$3001,$M3001))) | J3001: =IF($M3001="","",IF(INDEX('Per Invoice'!$J$2:$J$3001,$M3001)="","",INDEX('Per Invoice'!$J$2:$J$3001,$M3001))) | K3001: =IF($M3001="","",IF(INDEX('Per Invoice'!$K$2:$K$3001,$M3001)="","",INDEX('Per Invoice'!$K$2:$K$3001,$M3001))) | L3001: =IF($M3001="","",IF(INDEX('Per Invoice'!$L$2:$L$3001,$M3001)="","",INDEX('Per Invoice'!$L$2:$L$3001,$M3001))) | M3001: =IF(ROWS($M$2:$M3001)<=COUNT('Per Invoice'!$N$2:$N$3001),MATCH(ROWS($M$2:$M3001),'Per Invoice'!$N$2:$N$3001,0),"")

Sheet Per Invoice Below
A1: SSNBR | B1: So | C1: Lot | D1: Card | E1: ERX | F1: Svc Date | G1: Sum of Total Approved | H1: Sum of dis | I1: Sum of Paid Amount | J1: Sum of Subtotal | K1: Sum of Net Amt | L1: Seg | M1: Per Invoice Row (helper)
A2: =IF($M2="","",IF(INDEX('Per Invoice'!$A$2:$A$3001,$M2)="","",INDEX('Per Invoice'!$A$2:$A$3001,$M2))) | B2: =IF($M2="","",IF(INDEX('Per Invoice'!$B$2:$B$3001,$M2)="","",INDEX('Per Invoice'!$B$2:$B$3001,$M2))) | C2: =IF($M2="","",IF(INDEX('Per Invoice'!$C$2:$C$3001,$M2)="","",INDEX('Per Invoice'!$C$2:$C$3001,$M2))) | D2: =IF($M2="","",IF(INDEX('Per Invoice'!$D$2:$D$3001,$M2)="","",INDEX('Per Invoice'!$D$2:$D$3001,$M2))) | E2: =IF($M2="","",IF(INDEX('Per Invoice'!$E$2:$E$3001,$M2)="","",INDEX('Per Invoice'!$E$2:$E$3001,$M2))) | F2: =IF($M2="","",IF(INDEX('Per Invoice'!$F$2:$F$3001,$M2)="","",INDEX('Per Invoice'!$F$2:$F$3001,$M2))) | G2: =IF($M2="","",IF(INDEX('Per Invoice'!$G$2:$G$3001,$M2)="","",INDEX('Per Invoice'!$G$2:$G$3001,$M2))) | H2: =IF($M2="","",IF(INDEX('Per Invoice'!$H$2:$H$3001,$M2)="","",INDEX('Per Invoice'!$H$2:$H$3001,$M2))) | I2: =IF($M2="","",IF(INDEX('Per Invoice'!$I$2:$I$3001,$M2)="","",INDEX('Per Invoice'!$I$2:$I$3001,$M2))) | J2: =IF($M2="","",IF(INDEX('Per Invoice'!$J$2:$J$3001,$M2)="","",INDEX('Per Invoice'!$J$2:$J$3001,$M2))) | K2: =IF($M2="","",IF(INDEX('Per Invoice'!$K$2:$K$3001,$M2)="","",INDEX('Per Invoice'!$K$2:$K$3001,$M2))) | L2: =IF($M2="","",IF(INDEX('Per Invoice'!$L$2:$L$3001,$M2)="","",INDEX('Per Invoice'!$L$2:$L$3001,$M2))) | M2: =IF(ROWS($M$2:$M2)<=COUNT('Per Invoice'!$O$2:$O$3001),MATCH(ROWS($M$2:$M2),'Per Invoice'!$O$2:$O$3001,0),"")
A3: =IF($M3="","",IF(INDEX('Per Invoice'!$A$2:$A$3001,$M3)="","",INDEX('Per Invoice'!$A$2:$A$3001,$M3))) | B3: =IF($M3="","",IF(INDEX('Per Invoice'!$B$2:$B$3001,$M3)="","",INDEX('Per Invoice'!$B$2:$B$3001,$M3))) | C3: =IF($M3="","",IF(INDEX('Per Invoice'!$C$2:$C$3001,$M3)="","",INDEX('Per Invoice'!$C$2:$C$3001,$M3))) | D3: =IF($M3="","",IF(INDEX('Per Invoice'!$D$2:$D$3001,$M3)="","",INDEX('Per Invoice'!$D$2:$D$3001,$M3))) | E3: =IF($M3="","",IF(INDEX('Per Invoice'!$E$2:$E$3001,$M3)="","",INDEX('Per Invoice'!$E$2:$E$3001,$M3))) | F3: =IF($M3="","",IF(INDEX('Per Invoice'!$F$2:$F$3001,$M3)="","",INDEX('Per Invoice'!$F$2:$F$3001,$M3))) | G3: =IF($M3="","",IF(INDEX('Per Invoice'!$G$2:$G$3001,$M3)="","",INDEX('Per Invoice'!$G$2:$G$3001,$M3))) | H3: =IF($M3="","",IF(INDEX('Per Invoice'!$H$2:$H$3001,$M3)="","",INDEX('Per Invoice'!$H$2:$H$3001,$M3))) | I3: =IF($M3="","",IF(INDEX('Per Invoice'!$I$2:$I$3001,$M3)="","",INDEX('Per Invoice'!$I$2:$I$3001,$M3))) | J3: =IF($M3="","",IF(INDEX('Per Invoice'!$J$2:$J$3001,$M3)="","",INDEX('Per Invoice'!$J$2:$J$3001,$M3))) | K3: =IF($M3="","",IF(INDEX('Per Invoice'!$K$2:$K$3001,$M3)="","",INDEX('Per Invoice'!$K$2:$K$3001,$M3))) | L3: =IF($M3="","",IF(INDEX('Per Invoice'!$L$2:$L$3001,$M3)="","",INDEX('Per Invoice'!$L$2:$L$3001,$M3))) | M3: =IF(ROWS($M$2:$M3)<=COUNT('Per Invoice'!$O$2:$O$3001),MATCH(ROWS($M$2:$M3),'Per Invoice'!$O$2:$O$3001,0),"")
A4: =IF($M4="","",IF(INDEX('Per Invoice'!$A$2:$A$3001,$M4)="","",INDEX('Per Invoice'!$A$2:$A$3001,$M4))) | B4: =IF($M4="","",IF(INDEX('Per Invoice'!$B$2:$B$3001,$M4)="","",INDEX('Per Invoice'!$B$2:$B$3001,$M4))) | C4: =IF($M4="","",IF(INDEX('Per Invoice'!$C$2:$C$3001,$M4)="","",INDEX('Per Invoice'!$C$2:$C$3001,$M4))) | D4: =IF($M4="","",IF(INDEX('Per Invoice'!$D$2:$D$3001,$M4)="","",INDEX('Per Invoice'!$D$2:$D$3001,$M4))) | E4: =IF($M4="","",IF(INDEX('Per Invoice'!$E$2:$E$3001,$M4)="","",INDEX('Per Invoice'!$E$2:$E$3001,$M4))) | F4: =IF($M4="","",IF(INDEX('Per Invoice'!$F$2:$F$3001,$M4)="","",INDEX('Per Invoice'!$F$2:$F$3001,$M4))) | G4: =IF($M4="","",IF(INDEX('Per Invoice'!$G$2:$G$3001,$M4)="","",INDEX('Per Invoice'!$G$2:$G$3001,$M4))) | H4: =IF($M4="","",IF(INDEX('Per Invoice'!$H$2:$H$3001,$M4)="","",INDEX('Per Invoice'!$H$2:$H$3001,$M4))) | I4: =IF($M4="","",IF(INDEX('Per Invoice'!$I$2:$I$3001,$M4)="","",INDEX('Per Invoice'!$I$2:$I$3001,$M4))) | J4: =IF($M4="","",IF(INDEX('Per Invoice'!$J$2:$J$3001,$M4)="","",INDEX('Per Invoice'!$J$2:$J$3001,$M4))) | K4: =IF($M4="","",IF(INDEX('Per Invoice'!$K$2:$K$3001,$M4)="","",INDEX('Per Invoice'!$K$2:$K$3001,$M4))) | L4: =IF($M4="","",IF(INDEX('Per Invoice'!$L$2:$L$3001,$M4)="","",INDEX('Per Invoice'!$L$2:$L$3001,$M4))) | M4: =IF(ROWS($M$2:$M4)<=COUNT('Per Invoice'!$O$2:$O$3001),MATCH(ROWS($M$2:$M4),'Per Invoice'!$O$2:$O$3001,0),"")
A5: =IF($M5="","",IF(INDEX('Per Invoice'!$A$2:$A$3001,$M5)="","",INDEX('Per Invoice'!$A$2:$A$3001,$M5))) | B5: =IF($M5="","",IF(INDEX('Per Invoice'!$B$2:$B$3001,$M5)="","",INDEX('Per Invoice'!$B$2:$B$3001,$M5))) | C5: =IF($M5="","",IF(INDEX('Per Invoice'!$C$2:$C$3001,$M5)="","",INDEX('Per Invoice'!$C$2:$C$3001,$M5))) | D5: =IF($M5="","",IF(INDEX('Per Invoice'!$D$2:$D$3001,$M5)="","",INDEX('Per Invoice'!$D$2:$D$3001,$M5))) | E5: =IF($M5="","",IF(INDEX('Per Invoice'!$E$2:$E$3001,$M5)="","",INDEX('Per Invoice'!$E$2:$E$3001,$M5))) | F5: =IF($M5="","",IF(INDEX('Per Invoice'!$F$2:$F$3001,$M5)="","",INDEX('Per Invoice'!$F$2:$F$3001,$M5))) | G5: =IF($M5="","",IF(INDEX('Per Invoice'!$G$2:$G$3001,$M5)="","",INDEX('Per Invoice'!$G$2:$G$3001,$M5))) | H5: =IF($M5="","",IF(INDEX('Per Invoice'!$H$2:$H$3001,$M5)="","",INDEX('Per Invoice'!$H$2:$H$3001,$M5))) | I5: =IF($M5="","",IF(INDEX('Per Invoice'!$I$2:$I$3001,$M5)="","",INDEX('Per Invoice'!$I$2:$I$3001,$M5))) | J5: =IF($M5="","",IF(INDEX('Per Invoice'!$J$2:$J$3001,$M5)="","",INDEX('Per Invoice'!$J$2:$J$3001,$M5))) | K5: =IF($M5="","",IF(INDEX('Per Invoice'!$K$2:$K$3001,$M5)="","",INDEX('Per Invoice'!$K$2:$K$3001,$M5))) | L5: =IF($M5="","",IF(INDEX('Per Invoice'!$L$2:$L$3001,$M5)="","",INDEX('Per Invoice'!$L$2:$L$3001,$M5))) | M5: =IF(ROWS($M$2:$M5)<=COUNT('Per Invoice'!$O$2:$O$3001),MATCH(ROWS($M$2:$M5),'Per Invoice'!$O$2:$O$3001,0),"")
A6: =IF($M6="","",IF(INDEX('Per Invoice'!$A$2:$A$3001,$M6)="","",INDEX('Per Invoice'!$A$2:$A$3001,$M6))) | B6: =IF($M6="","",IF(INDEX('Per Invoice'!$B$2:$B$3001,$M6)="","",INDEX('Per Invoice'!$B$2:$B$3001,$M6))) | C6: =IF($M6="","",IF(INDEX('Per Invoice'!$C$2:$C$3001,$M6)="","",INDEX('Per Invoice'!$C$2:$C$3001,$M6))) | D6: =IF($M6="","",IF(INDEX('Per Invoice'!$D$2:$D$3001,$M6)="","",INDEX('Per Invoice'!$D$2:$D$3001,$M6))) | E6: =IF($M6="","",IF(INDEX('Per Invoice'!$E$2:$E$3001,$M6)="","",INDEX('Per Invoice'!$E$2:$E$3001,$M6))) | F6: =IF($M6="","",IF(INDEX('Per Invoice'!$F$2:$F$3001,$M6)="","",INDEX('Per Invoice'!$F$2:$F$3001,$M6))) | G6: =IF($M6="","",IF(INDEX('Per Invoice'!$G$2:$G$3001,$M6)="","",INDEX('Per Invoice'!$G$2:$G$3001,$M6))) | H6: =IF($M6="","",IF(INDEX('Per Invoice'!$H$2:$H$3001,$M6)="","",INDEX('Per Invoice'!$H$2:$H$3001,$M6))) | I6: =IF($M6="","",IF(INDEX('Per Invoice'!$I$2:$I$3001,$M6)="","",INDEX('Per Invoice'!$I$2:$I$3001,$M6))) | J6: =IF($M6="","",IF(INDEX('Per Invoice'!$J$2:$J$3001,$M6)="","",INDEX('Per Invoice'!$J$2:$J$3001,$M6))) | K6: =IF($M6="","",IF(INDEX('Per Invoice'!$K$2:$K$3001,$M6)="","",INDEX('Per Invoice'!$K$2:$K$3001,$M6))) | L6: =IF($M6="","",IF(INDEX('Per Invoice'!$L$2:$L$3001,$M6)="","",INDEX('Per Invoice'!$L$2:$L$3001,$M6))) | M6: =IF(ROWS($M$2:$M6)<=COUNT('Per Invoice'!$O$2:$O$3001),MATCH(ROWS($M$2:$M6),'Per Invoice'!$O$2:$O$3001,0),"")
A7: =IF($M7="","",IF(INDEX('Per Invoice'!$A$2:$A$3001,$M7)="","",INDEX('Per Invoice'!$A$2:$A$3001,$M7))) | B7: =IF($M7="","",IF(INDEX('Per Invoice'!$B$2:$B$3001,$M7)="","",INDEX('Per Invoice'!$B$2:$B$3001,$M7))) | C7: =IF($M7="","",IF(INDEX('Per Invoice'!$C$2:$C$3001,$M7)="","",INDEX('Per Invoice'!$C$2:$C$3001,$M7))) | D7: =IF($M7="","",IF(INDEX('Per Invoice'!$D$2:$D$3001,$M7)="","",INDEX('Per Invoice'!$D$2:$D$3001,$M7))) | E7: =IF($M7="","",IF(INDEX('Per Invoice'!$E$2:$E$3001,$M7)="","",INDEX('Per Invoice'!$E$2:$E$3001,$M7))) | F7: =IF($M7="","",IF(INDEX('Per Invoice'!$F$2:$F$3001,$M7)="","",INDEX('Per Invoice'!$F$2:$F$3001,$M7))) | G7: =IF($M7="","",IF(INDEX('Per Invoice'!$G$2:$G$3001,$M7)="","",INDEX('Per Invoice'!$G$2:$G$3001,$M7))) | H7: =IF($M7="","",IF(INDEX('Per Invoice'!$H$2:$H$3001,$M7)="","",INDEX('Per Invoice'!$H$2:$H$3001,$M7))) | I7: =IF($M7="","",IF(INDEX('Per Invoice'!$I$2:$I$3001,$M7)="","",INDEX('Per Invoice'!$I$2:$I$3001,$M7))) | J7: =IF($M7="","",IF(INDEX('Per Invoice'!$J$2:$J$3001,$M7)="","",INDEX('Per Invoice'!$J$2:$J$3001,$M7))) | K7: =IF($M7="","",IF(INDEX('Per Invoice'!$K$2:$K$3001,$M7)="","",INDEX('Per Invoice'!$K$2:$K$3001,$M7))) | L7: =IF($M7="","",IF(INDEX('Per Invoice'!$L$2:$L$3001,$M7)="","",INDEX('Per Invoice'!$L$2:$L$3001,$M7))) | M7: =IF(ROWS($M$2:$M7)<=COUNT('Per Invoice'!$O$2:$O$3001),MATCH(ROWS($M$2:$M7),'Per Invoice'!$O$2:$O$3001,0),"")
A8: =IF($M8="","",IF(INDEX('Per Invoice'!$A$2:$A$3001,$M8)="","",INDEX('Per Invoice'!$A$2:$A$3001,$M8))) | B8: =IF($M8="","",IF(INDEX('Per Invoice'!$B$2:$B$3001,$M8)="","",INDEX('Per Invoice'!$B$2:$B$3001,$M8))) | C8: =IF($M8="","",IF(INDEX('Per Invoice'!$C$2:$C$3001,$M8)="","",INDEX('Per Invoice'!$C$2:$C$3001,$M8))) | D8: =IF($M8="","",IF(INDEX('Per Invoice'!$D$2:$D$3001,$M8)="","",INDEX('Per Invoice'!$D$2:$D$3001,$M8))) | E8: =IF($M8="","",IF(INDEX('Per Invoice'!$E$2:$E$3001,$M8)="","",INDEX('Per Invoice'!$E$2:$E$3001,$M8))) | F8: =IF($M8="","",IF(INDEX('Per Invoice'!$F$2:$F$3001,$M8)="","",INDEX('Per Invoice'!$F$2:$F$3001,$M8))) | G8: =IF($M8="","",IF(INDEX('Per Invoice'!$G$2:$G$3001,$M8)="","",INDEX('Per Invoice'!$G$2:$G$3001,$M8))) | H8: =IF($M8="","",IF(INDEX('Per Invoice'!$H$2:$H$3001,$M8)="","",INDEX('Per Invoice'!$H$2:$H$3001,$M8))) | I8: =IF($M8="","",IF(INDEX('Per Invoice'!$I$2:$I$3001,$M8)="","",INDEX('Per Invoice'!$I$2:$I$3001,$M8))) | J8: =IF($M8="","",IF(INDEX('Per Invoice'!$J$2:$J$3001,$M8)="","",INDEX('Per Invoice'!$J$2:$J$3001,$M8))) | K8: =IF($M8="","",IF(INDEX('Per Invoice'!$K$2:$K$3001,$M8)="","",INDEX('Per Invoice'!$K$2:$K$3001,$M8))) | L8: =IF($M8="","",IF(INDEX('Per Invoice'!$L$2:$L$3001,$M8)="","",INDEX('Per Invoice'!$L$2:$L$3001,$M8))) | M8: =IF(ROWS($M$2:$M8)<=COUNT('Per Invoice'!$O$2:$O$3001),MATCH(ROWS($M$2:$M8),'Per Invoice'!$O$2:$O$3001,0),"")
A9: =IF($M9="","",IF(INDEX('Per Invoice'!$A$2:$A$3001,$M9)="","",INDEX('Per Invoice'!$A$2:$A$3001,$M9))) | B9: =IF($M9="","",IF(INDEX('Per Invoice'!$B$2:$B$3001,$M9)="","",INDEX('Per Invoice'!$B$2:$B$3001,$M9))) | C9: =IF($M9="","",IF(INDEX('Per Invoice'!$C$2:$C$3001,$M9)="","",INDEX('Per Invoice'!$C$2:$C$3001,$M9))) | D9: =IF($M9="","",IF(INDEX('Per Invoice'!$D$2:$D$3001,$M9)="","",INDEX('Per Invoice'!$D$2:$D$3001,$M9))) | E9: =IF($M9="","",IF(INDEX('Per Invoice'!$E$2:$E$3001,$M9)="","",INDEX('Per Invoice'!$E$2:$E$3001,$M9))) | F9: =IF($M9="","",IF(INDEX('Per Invoice'!$F$2:$F$3001,$M9)="","",INDEX('Per Invoice'!$F$2:$F$3001,$M9))) | G9: =IF($M9="","",IF(INDEX('Per Invoice'!$G$2:$G$3001,$M9)="","",INDEX('Per Invoice'!$G$2:$G$3001,$M9))) | H9: =IF($M9="","",IF(INDEX('Per Invoice'!$H$2:$H$3001,$M9)="","",INDEX('Per Invoice'!$H$2:$H$3001,$M9))) | I9: =IF($M9="","",IF(INDEX('Per Invoice'!$I$2:$I$3001,$M9)="","",INDEX('Per Invoice'!$I$2:$I$3001,$M9))) | J9: =IF($M9="","",IF(INDEX('Per Invoice'!$J$2:$J$3001,$M9)="","",INDEX('Per Invoice'!$J$2:$J$3001,$M9))) | K9: =IF($M9="","",IF(INDEX('Per Invoice'!$K$2:$K$3001,$M9)="","",INDEX('Per Invoice'!$K$2:$K$3001,$M9))) | L9: =IF($M9="","",IF(INDEX('Per Invoice'!$L$2:$L$3001,$M9)="","",INDEX('Per Invoice'!$L$2:$L$3001,$M9))) | M9: =IF(ROWS($M$2:$M9)<=COUNT('Per Invoice'!$O$2:$O$3001),MATCH(ROWS($M$2:$M9),'Per Invoice'!$O$2:$O$3001,0),"")
A10: =IF($M10="","",IF(INDEX('Per Invoice'!$A$2:$A$3001,$M10)="","",INDEX('Per Invoice'!$A$2:$A$3001,$M10))) | B10: =IF($M10="","",IF(INDEX('Per Invoice'!$B$2:$B$3001,$M10)="","",INDEX('Per Invoice'!$B$2:$B$3001,$M10))) | C10: =IF($M10="","",IF(INDEX('Per Invoice'!$C$2:$C$3001,$M10)="","",INDEX('Per Invoice'!$C$2:$C$3001,$M10))) | D10: =IF($M10="","",IF(INDEX('Per Invoice'!$D$2:$D$3001,$M10)="","",INDEX('Per Invoice'!$D$2:$D$3001,$M10))) | E10: =IF($M10="","",IF(INDEX('Per Invoice'!$E$2:$E$3001,$M10)="","",INDEX('Per Invoice'!$E$2:$E$3001,$M10))) | F10: =IF($M10="","",IF(INDEX('Per Invoice'!$F$2:$F$3001,$M10)="","",INDEX('Per Invoice'!$F$2:$F$3001,$M10))) | G10: =IF($M10="","",IF(INDEX('Per Invoice'!$G$2:$G$3001,$M10)="","",INDEX('Per Invoice'!$G$2:$G$3001,$M10))) | H10: =IF($M10="","",IF(INDEX('Per Invoice'!$H$2:$H$3001,$M10)="","",INDEX('Per Invoice'!$H$2:$H$3001,$M10))) | I10: =IF($M10="","",IF(INDEX('Per Invoice'!$I$2:$I$3001,$M10)="","",INDEX('Per Invoice'!$I$2:$I$3001,$M10))) | J10: =IF($M10="","",IF(INDEX('Per Invoice'!$J$2:$J$3001,$M10)="","",INDEX('Per Invoice'!$J$2:$J$3001,$M10))) | K10: =IF($M10="","",IF(INDEX('Per Invoice'!$K$2:$K$3001,$M10)="","",INDEX('Per Invoice'!$K$2:$K$3001,$M10))) | L10: =IF($M10="","",IF(INDEX('Per Invoice'!$L$2:$L$3001,$M10)="","",INDEX('Per Invoice'!$L$2:$L$3001,$M10))) | M10: =IF(ROWS($M$2:$M10)<=COUNT('Per Invoice'!$O$2:$O$3001),MATCH(ROWS($M$2:$M10),'Per Invoice'!$O$2:$O$3001,0),"")
A11: =IF($M11="","",IF(INDEX('Per Invoice'!$A$2:$A$3001,$M11)="","",INDEX('Per Invoice'!$A$2:$A$3001,$M11))) | B11: =IF($M11="","",IF(INDEX('Per Invoice'!$B$2:$B$3001,$M11)="","",INDEX('Per Invoice'!$B$2:$B$3001,$M11))) | C11: =IF($M11="","",IF(INDEX('Per Invoice'!$C$2:$C$3001,$M11)="","",INDEX('Per Invoice'!$C$2:$C$3001,$M11))) | D11: =IF($M11="","",IF(INDEX('Per Invoice'!$D$2:$D$3001,$M11)="","",INDEX('Per Invoice'!$D$2:$D$3001,$M11))) | E11: =IF($M11="","",IF(INDEX('Per Invoice'!$E$2:$E$3001,$M11)="","",INDEX('Per Invoice'!$E$2:$E$3001,$M11))) | F11: =IF($M11="","",IF(INDEX('Per Invoice'!$F$2:$F$3001,$M11)="","",INDEX('Per Invoice'!$F$2:$F$3001,$M11))) | G11: =IF($M11="","",IF(INDEX('Per Invoice'!$G$2:$G$3001,$M11)="","",INDEX('Per Invoice'!$G$2:$G$3001,$M11))) | H11: =IF($M11="","",IF(INDEX('Per Invoice'!$H$2:$H$3001,$M11)="","",INDEX('Per Invoice'!$H$2:$H$3001,$M11))) | I11: =IF($M11="","",IF(INDEX('Per Invoice'!$I$2:$I$3001,$M11)="","",INDEX('Per Invoice'!$I$2:$I$3001,$M11))) | J11: =IF($M11="","",IF(INDEX('Per Invoice'!$J$2:$J$3001,$M11)="","",INDEX('Per Invoice'!$J$2:$J$3001,$M11))) | K11: =IF($M11="","",IF(INDEX('Per Invoice'!$K$2:$K$3001,$M11)="","",INDEX('Per Invoice'!$K$2:$K$3001,$M11))) | L11: =IF($M11="","",IF(INDEX('Per Invoice'!$L$2:$L$3001,$M11)="","",INDEX('Per Invoice'!$L$2:$L$3001,$M11))) | M11: =IF(ROWS($M$2:$M11)<=COUNT('Per Invoice'!$O$2:$O$3001),MATCH(ROWS($M$2:$M11),'Per Invoice'!$O$2:$O$3001,0),"")
A12: =IF($M12="","",IF(INDEX('Per Invoice'!$A$2:$A$3001,$M12)="","",INDEX('Per Invoice'!$A$2:$A$3001,$M12))) | B12: =IF($M12="","",IF(INDEX('Per Invoice'!$B$2:$B$3001,$M12)="","",INDEX('Per Invoice'!$B$2:$B$3001,$M12))) | C12: =IF($M12="","",IF(INDEX('Per Invoice'!$C$2:$C$3001,$M12)="","",INDEX('Per Invoice'!$C$2:$C$3001,$M12))) | D12: =IF($M12="","",IF(INDEX('Per Invoice'!$D$2:$D$3001,$M12)="","",INDEX('Per Invoice'!$D$2:$D$3001,$M12))) | E12: =IF($M12="","",IF(INDEX('Per Invoice'!$E$2:$E$3001,$M12)="","",INDEX('Per Invoice'!$E$2:$E$3001,$M12))) | F12: =IF($M12="","",IF(INDEX('Per Invoice'!$F$2:$F$3001,$M12)="","",INDEX('Per Invoice'!$F$2:$F$3001,$M12))) | G12: =IF($M12="","",IF(INDEX('Per Invoice'!$G$2:$G$3001,$M12)="","",INDEX('Per Invoice'!$G$2:$G$3001,$M12))) | H12: =IF($M12="","",IF(INDEX('Per Invoice'!$H$2:$H$3001,$M12)="","",INDEX('Per Invoice'!$H$2:$H$3001,$M12))) | I12: =IF($M12="","",IF(INDEX('Per Invoice'!$I$2:$I$3001,$M12)="","",INDEX('Per Invoice'!$I$2:$I$3001,$M12))) | J12: =IF($M12="","",IF(INDEX('Per Invoice'!$J$2:$J$3001,$M12)="","",INDEX('Per Invoice'!$J$2:$J$3001,$M12))) | K12: =IF($M12="","",IF(INDEX('Per Invoice'!$K$2:$K$3001,$M12)="","",INDEX('Per Invoice'!$K$2:$K$3001,$M12))) | L12: =IF($M12="","",IF(INDEX('Per Invoice'!$L$2:$L$3001,$M12)="","",INDEX('Per Invoice'!$L$2:$L$3001,$M12))) | M12: =IF(ROWS($M$2:$M12)<=COUNT('Per Invoice'!$O$2:$O$3001),MATCH(ROWS($M$2:$M12),'Per Invoice'!$O$2:$O$3001,0),"")
A13: =IF($M13="","",IF(INDEX('Per Invoice'!$A$2:$A$3001,$M13)="","",INDEX('Per Invoice'!$A$2:$A$3001,$M13))) | B13: =IF($M13="","",IF(INDEX('Per Invoice'!$B$2:$B$3001,$M13)="","",INDEX('Per Invoice'!$B$2:$B$3001,$M13))) | C13: =IF($M13="","",IF(INDEX('Per Invoice'!$C$2:$C$3001,$M13)="","",INDEX('Per Invoice'!$C$2:$C$3001,$M13))) | D13: =IF($M13="","",IF(INDEX('Per Invoice'!$D$2:$D$3001,$M13)="","",INDEX('Per Invoice'!$D$2:$D$3001,$M13))) | E13: =IF($M13="","",IF(INDEX('Per Invoice'!$E$2:$E$3001,$M13)="","",INDEX('Per Invoice'!$E$2:$E$3001,$M13))) | F13: =IF($M13="","",IF(INDEX('Per Invoice'!$F$2:$F$3001,$M13)="","",INDEX('Per Invoice'!$F$2:$F$3001,$M13))) | G13: =IF($M13="","",IF(INDEX('Per Invoice'!$G$2:$G$3001,$M13)="","",INDEX('Per Invoice'!$G$2:$G$3001,$M13))) | H13: =IF($M13="","",IF(INDEX('Per Invoice'!$H$2:$H$3001,$M13)="","",INDEX('Per Invoice'!$H$2:$H$3001,$M13))) | I13: =IF($M13="","",IF(INDEX('Per Invoice'!$I$2:$I$3001,$M13)="","",INDEX('Per Invoice'!$I$2:$I$3001,$M13))) | J13: =IF($M13="","",IF(INDEX('Per Invoice'!$J$2:$J$3001,$M13)="","",INDEX('Per Invoice'!$J$2:$J$3001,$M13))) | K13: =IF($M13="","",IF(INDEX('Per Invoice'!$K$2:$K$3001,$M13)="","",INDEX('Per Invoice'!$K$2:$K$3001,$M13))) | L13: =IF($M13="","",IF(INDEX('Per Invoice'!$L$2:$L$3001,$M13)="","",INDEX('Per Invoice'!$L$2:$L$3001,$M13))) | M13: =IF(ROWS($M$2:$M13)<=COUNT('Per Invoice'!$O$2:$O$3001),MATCH(ROWS($M$2:$M13),'Per Invoice'!$O$2:$O$3001,0),"")
... A3001: =IF($M3001="","",IF(INDEX('Per Invoice'!$A$2:$A$3001,$M3001)="","",INDEX('Per Invoice'!$A$2:$A$3001,$M3001))) | B3001: =IF($M3001="","",IF(INDEX('Per Invoice'!$B$2:$B$3001,$M3001)="","",INDEX('Per Invoice'!$B$2:$B$3001,$M3001))) | C3001: =IF($M3001="","",IF(INDEX('Per Invoice'!$C$2:$C$3001,$M3001)="","",INDEX('Per Invoice'!$C$2:$C$3001,$M3001))) | D3001: =IF($M3001="","",IF(INDEX('Per Invoice'!$D$2:$D$3001,$M3001)="","",INDEX('Per Invoice'!$D$2:$D$3001,$M3001))) | E3001: =IF($M3001="","",IF(INDEX('Per Invoice'!$E$2:$E$3001,$M3001)="","",INDEX('Per Invoice'!$E$2:$E$3001,$M3001))) | F3001: =IF($M3001="","",IF(INDEX('Per Invoice'!$F$2:$F$3001,$M3001)="","",INDEX('Per Invoice'!$F$2:$F$3001,$M3001))) | G3001: =IF($M3001="","",IF(INDEX('Per Invoice'!$G$2:$G$3001,$M3001)="","",INDEX('Per Invoice'!$G$2:$G$3001,$M3001))) | H3001: =IF($M3001="","",IF(INDEX('Per Invoice'!$H$2:$H$3001,$M3001)="","",INDEX('Per Invoice'!$H$2:$H$3001,$M3001))) | I3001: =IF($M3001="","",IF(INDEX('Per Invoice'!$I$2:$I$3001,$M3001)="","",INDEX('Per Invoice'!$I$2:$I$3001,$M3001))) | J3001: =IF($M3001="","",IF(INDEX('Per Invoice'!$J$2:$J$3001,$M3001)="","",INDEX('Per Invoice'!$J$2:$J$3001,$M3001))) | K3001: =IF($M3001="","",IF(INDEX('Per Invoice'!$K$2:$K$3001,$M3001)="","",INDEX('Per Invoice'!$K$2:$K$3001,$M3001))) | L3001: =IF($M3001="","",IF(INDEX('Per Invoice'!$L$2:$L$3001,$M3001)="","",INDEX('Per Invoice'!$L$2:$L$3001,$M3001))) | M3001: =IF(ROWS($M$2:$M3001)<=COUNT('Per Invoice'!$O$2:$O$3001),MATCH(ROWS($M$2:$M3001),'Per Invoice'!$O$2:$O$3001,0),"")
